<application>
  <component name="CodeFoldingSettings">
    <option name="COLLAPSE_CUSTOM_FOLDING_REGIONS" value="true" />
  </component>
  <component name="DefaultFont">
    <option name="FONT_SIZE" value="14" />
    <option name="FONT_FAMILY" value="Fira Code" />
    <option name="USE_LIGATURES" value="true" />
  </component>
  <component name="EditorSettings">
    <option name="USE_SOFT_WRAPS" value="" />
    <option name="STRIP_TRAILING_SPACES" value="Whole" />
    <option name="IS_ENSURE_NEWLINE_AT_EOF" value="true" />
    <option name="IS_WHITESPACES_SHOWN" value="true" />
  </component>
</application>