<application>
  <component name="ProjectJdkTable">
    <jdk version="2">
      <name value="11" />
      <type value="JavaSDK" />
      <version value="java version &quot;11.0.2&quot;" />
      <homePath value="$APPLICATION_HOME_DIR$/jre64" />
      <roots>
        <annotationsPath>
          <root type="composite">
            <root url="jar://$APPLICATION_HOME_DIR$/plugins/java/lib/jdkAnnotations.jar!/" type="simple" />
          </root>
        </annotationsPath>
        <classPath>
          <root type="composite">
            <root url="jrt://C:/Program Files/JetBrains/IntelliJ IDEA 2019.1/jre64!/java.base" type="simple" />
            <root url="jrt://C:/Program Files/JetBrains/IntelliJ IDEA 2019.1/jre64!/java.compiler" type="simple" />
            <root url="jrt://C:/Program Files/JetBrains/IntelliJ IDEA 2019.1/jre64!/java.datatransfer" type="simple" />
            <root url="jrt://C:/Program Files/JetBrains/IntelliJ IDEA 2019.1/jre64!/java.desktop" type="simple" />
            <root url="jrt://C:/Program Files/JetBrains/IntelliJ IDEA 2019.1/jre64!/java.instrument" type="simple" />
            <root url="jrt://C:/Program Files/JetBrains/IntelliJ IDEA 2019.1/jre64!/java.logging" type="simple" />
            <root url="jrt://C:/Program Files/JetBrains/IntelliJ IDEA 2019.1/jre64!/java.management" type="simple" />
            <root url="jrt://C:/Program Files/JetBrains/IntelliJ IDEA 2019.1/jre64!/java.management.rmi" type="simple" />
            <root url="jrt://C:/Program Files/JetBrains/IntelliJ IDEA 2019.1/jre64!/java.naming" type="simple" />
            <root url="jrt://C:/Program Files/JetBrains/IntelliJ IDEA 2019.1/jre64!/java.net.http" type="simple" />
            <root url="jrt://C:/Program Files/JetBrains/IntelliJ IDEA 2019.1/jre64!/java.prefs" type="simple" />
            <root url="jrt://C:/Program Files/JetBrains/IntelliJ IDEA 2019.1/jre64!/java.rmi" type="simple" />
            <root url="jrt://C:/Program Files/JetBrains/IntelliJ IDEA 2019.1/jre64!/java.scripting" type="simple" />
            <root url="jrt://C:/Program Files/JetBrains/IntelliJ IDEA 2019.1/jre64!/java.se" type="simple" />
            <root url="jrt://C:/Program Files/JetBrains/IntelliJ IDEA 2019.1/jre64!/java.security.jgss" type="simple" />
            <root url="jrt://C:/Program Files/JetBrains/IntelliJ IDEA 2019.1/jre64!/java.security.sasl" type="simple" />
            <root url="jrt://C:/Program Files/JetBrains/IntelliJ IDEA 2019.1/jre64!/java.smartcardio" type="simple" />
            <root url="jrt://C:/Program Files/JetBrains/IntelliJ IDEA 2019.1/jre64!/java.sql" type="simple" />
            <root url="jrt://C:/Program Files/JetBrains/IntelliJ IDEA 2019.1/jre64!/java.sql.rowset" type="simple" />
            <root url="jrt://C:/Program Files/JetBrains/IntelliJ IDEA 2019.1/jre64!/java.transaction.xa" type="simple" />
            <root url="jrt://C:/Program Files/JetBrains/IntelliJ IDEA 2019.1/jre64!/java.xml" type="simple" />
            <root url="jrt://C:/Program Files/JetBrains/IntelliJ IDEA 2019.1/jre64!/java.xml.crypto" type="simple" />
            <root url="jrt://C:/Program Files/JetBrains/IntelliJ IDEA 2019.1/jre64!/javafx.base" type="simple" />
            <root url="jrt://C:/Program Files/JetBrains/IntelliJ IDEA 2019.1/jre64!/javafx.controls" type="simple" />
            <root url="jrt://C:/Program Files/JetBrains/IntelliJ IDEA 2019.1/jre64!/javafx.fxml" type="simple" />
            <root url="jrt://C:/Program Files/JetBrains/IntelliJ IDEA 2019.1/jre64!/javafx.graphics" type="simple" />
            <root url="jrt://C:/Program Files/JetBrains/IntelliJ IDEA 2019.1/jre64!/javafx.media" type="simple" />
            <root url="jrt://C:/Program Files/JetBrains/IntelliJ IDEA 2019.1/jre64!/javafx.swing" type="simple" />
            <root url="jrt://C:/Program Files/JetBrains/IntelliJ IDEA 2019.1/jre64!/javafx.web" type="simple" />
            <root url="jrt://C:/Program Files/JetBrains/IntelliJ IDEA 2019.1/jre64!/jdk.accessibility" type="simple" />
            <root url="jrt://C:/Program Files/JetBrains/IntelliJ IDEA 2019.1/jre64!/jdk.aot" type="simple" />
            <root url="jrt://C:/Program Files/JetBrains/IntelliJ IDEA 2019.1/jre64!/jdk.attach" type="simple" />
            <root url="jrt://C:/Program Files/JetBrains/IntelliJ IDEA 2019.1/jre64!/jdk.charsets" type="simple" />
            <root url="jrt://C:/Program Files/JetBrains/IntelliJ IDEA 2019.1/jre64!/jdk.compiler" type="simple" />
            <root url="jrt://C:/Program Files/JetBrains/IntelliJ IDEA 2019.1/jre64!/jdk.crypto.cryptoki" type="simple" />
            <root url="jrt://C:/Program Files/JetBrains/IntelliJ IDEA 2019.1/jre64!/jdk.crypto.ec" type="simple" />
            <root url="jrt://C:/Program Files/JetBrains/IntelliJ IDEA 2019.1/jre64!/jdk.dynalink" type="simple" />
            <root url="jrt://C:/Program Files/JetBrains/IntelliJ IDEA 2019.1/jre64!/jdk.httpserver" type="simple" />
            <root url="jrt://C:/Program Files/JetBrains/IntelliJ IDEA 2019.1/jre64!/jdk.internal.ed" type="simple" />
            <root url="jrt://C:/Program Files/JetBrains/IntelliJ IDEA 2019.1/jre64!/jdk.internal.jvmstat" type="simple" />
            <root url="jrt://C:/Program Files/JetBrains/IntelliJ IDEA 2019.1/jre64!/jdk.internal.le" type="simple" />
            <root url="jrt://C:/Program Files/JetBrains/IntelliJ IDEA 2019.1/jre64!/jdk.internal.vm.ci" type="simple" />
            <root url="jrt://C:/Program Files/JetBrains/IntelliJ IDEA 2019.1/jre64!/jdk.internal.vm.compiler" type="simple" />
            <root url="jrt://C:/Program Files/JetBrains/IntelliJ IDEA 2019.1/jre64!/jdk.internal.vm.compiler.management" type="simple" />
            <root url="jrt://C:/Program Files/JetBrains/IntelliJ IDEA 2019.1/jre64!/jdk.jdi" type="simple" />
            <root url="jrt://C:/Program Files/JetBrains/IntelliJ IDEA 2019.1/jre64!/jdk.jdwp.agent" type="simple" />
            <root url="jrt://C:/Program Files/JetBrains/IntelliJ IDEA 2019.1/jre64!/jdk.jfr" type="simple" />
            <root url="jrt://C:/Program Files/JetBrains/IntelliJ IDEA 2019.1/jre64!/jdk.jsobject" type="simple" />
            <root url="jrt://C:/Program Files/JetBrains/IntelliJ IDEA 2019.1/jre64!/jdk.localedata" type="simple" />
            <root url="jrt://C:/Program Files/JetBrains/IntelliJ IDEA 2019.1/jre64!/jdk.management" type="simple" />
            <root url="jrt://C:/Program Files/JetBrains/IntelliJ IDEA 2019.1/jre64!/jdk.management.agent" type="simple" />
            <root url="jrt://C:/Program Files/JetBrains/IntelliJ IDEA 2019.1/jre64!/jdk.management.jfr" type="simple" />
            <root url="jrt://C:/Program Files/JetBrains/IntelliJ IDEA 2019.1/jre64!/jdk.naming.dns" type="simple" />
            <root url="jrt://C:/Program Files/JetBrains/IntelliJ IDEA 2019.1/jre64!/jdk.naming.rmi" type="simple" />
            <root url="jrt://C:/Program Files/JetBrains/IntelliJ IDEA 2019.1/jre64!/jdk.net" type="simple" />
            <root url="jrt://C:/Program Files/JetBrains/IntelliJ IDEA 2019.1/jre64!/jdk.pack" type="simple" />
            <root url="jrt://C:/Program Files/JetBrains/IntelliJ IDEA 2019.1/jre64!/jdk.scripting.nashorn" type="simple" />
            <root url="jrt://C:/Program Files/JetBrains/IntelliJ IDEA 2019.1/jre64!/jdk.scripting.nashorn.shell" type="simple" />
            <root url="jrt://C:/Program Files/JetBrains/IntelliJ IDEA 2019.1/jre64!/jdk.sctp" type="simple" />
            <root url="jrt://C:/Program Files/JetBrains/IntelliJ IDEA 2019.1/jre64!/jdk.security.auth" type="simple" />
            <root url="jrt://C:/Program Files/JetBrains/IntelliJ IDEA 2019.1/jre64!/jdk.security.jgss" type="simple" />
            <root url="jrt://C:/Program Files/JetBrains/IntelliJ IDEA 2019.1/jre64!/jdk.unsupported" type="simple" />
            <root url="jrt://C:/Program Files/JetBrains/IntelliJ IDEA 2019.1/jre64!/jdk.xml.dom" type="simple" />
            <root url="jrt://C:/Program Files/JetBrains/IntelliJ IDEA 2019.1/jre64!/jdk.zipfs" type="simple" />
          </root>
        </classPath>
        <javadocPath>
          <root type="composite" />
        </javadocPath>
        <sourcePath>
          <root type="composite" />
        </sourcePath>
      </roots>
      <additional />
    </jdk>
    <jdk version="2">
      <name value="8" />
      <type value="JavaSDK" />
      <version value="java version &quot;1.8.0_201&quot;" />
      <homePath value="D:/cp/jdk-8" />
      <roots>
        <annotationsPath>
          <root type="composite">
            <root url="jar://$APPLICATION_HOME_DIR$/lib/jdkAnnotations.jar!/" type="simple" />
          </root>
        </annotationsPath>
        <classPath>
          <root type="composite">
            <root url="jar://D:/cp/jdk-8/jre/lib/charsets.jar!/" type="simple" />
            <root url="jar://D:/cp/jdk-8/jre/lib/deploy.jar!/" type="simple" />
            <root url="jar://D:/cp/jdk-8/jre/lib/ext/access-bridge-64.jar!/" type="simple" />
            <root url="jar://D:/cp/jdk-8/jre/lib/ext/cldrdata.jar!/" type="simple" />
            <root url="jar://D:/cp/jdk-8/jre/lib/ext/dnsns.jar!/" type="simple" />
            <root url="jar://D:/cp/jdk-8/jre/lib/ext/jaccess.jar!/" type="simple" />
            <root url="jar://D:/cp/jdk-8/jre/lib/ext/jfxrt.jar!/" type="simple" />
            <root url="jar://D:/cp/jdk-8/jre/lib/ext/localedata.jar!/" type="simple" />
            <root url="jar://D:/cp/jdk-8/jre/lib/ext/nashorn.jar!/" type="simple" />
            <root url="jar://D:/cp/jdk-8/jre/lib/ext/sunec.jar!/" type="simple" />
            <root url="jar://D:/cp/jdk-8/jre/lib/ext/sunjce_provider.jar!/" type="simple" />
            <root url="jar://D:/cp/jdk-8/jre/lib/ext/sunmscapi.jar!/" type="simple" />
            <root url="jar://D:/cp/jdk-8/jre/lib/ext/sunpkcs11.jar!/" type="simple" />
            <root url="jar://D:/cp/jdk-8/jre/lib/ext/zipfs.jar!/" type="simple" />
            <root url="jar://D:/cp/jdk-8/jre/lib/javaws.jar!/" type="simple" />
            <root url="jar://D:/cp/jdk-8/jre/lib/jce.jar!/" type="simple" />
            <root url="jar://D:/cp/jdk-8/jre/lib/jfr.jar!/" type="simple" />
            <root url="jar://D:/cp/jdk-8/jre/lib/jfxswt.jar!/" type="simple" />
            <root url="jar://D:/cp/jdk-8/jre/lib/jsse.jar!/" type="simple" />
            <root url="jar://D:/cp/jdk-8/jre/lib/management-agent.jar!/" type="simple" />
            <root url="jar://D:/cp/jdk-8/jre/lib/plugin.jar!/" type="simple" />
            <root url="jar://D:/cp/jdk-8/jre/lib/resources.jar!/" type="simple" />
            <root url="jar://D:/cp/jdk-8/jre/lib/rt.jar!/" type="simple" />
          </root>
        </classPath>
        <javadocPath>
          <root type="composite" />
        </javadocPath>
        <sourcePath>
          <root type="composite">
            <root url="jar://D:/cp/jdk-8/src.zip!/" type="simple" />
            <root url="jar://D:/cp/jdk-8/javafx-src.zip!/" type="simple" />
          </root>
        </sourcePath>
      </roots>
      <additional />
    </jdk>
    <jdk version="2">
      <name value="Kotlin SDK" />
      <type value="KotlinSDK" />
      <version value="1.3.31" />
      <homePath value="C:\Users\tim\.IntelliJIdea2019.1\config\plugins\Kotlin\kotlinc" />
      <roots>
        <annotationsPath>
          <root type="composite" />
        </annotationsPath>
        <classPath>
          <root type="composite" />
        </classPath>
        <javadocPath>
          <root type="composite" />
        </javadocPath>
        <sourcePath>
          <root type="composite" />
        </sourcePath>
      </roots>
      <additional />
    </jdk>
    <jdk version="2">
      <name value="12" />
      <type value="JavaSDK" />
      <version value="java version &quot;12&quot;" />
      <homePath value="D:/cp/jdk-12" />
      <roots>
        <annotationsPath>
          <root type="composite">
            <root url="jar://$APPLICATION_HOME_DIR$/lib/jdkAnnotations.jar!/" type="simple" />
          </root>
        </annotationsPath>
        <classPath>
          <root type="composite">
            <root url="jrt://D:/cp/jdk-12!/java.base" type="simple" />
            <root url="jrt://D:/cp/jdk-12!/java.compiler" type="simple" />
            <root url="jrt://D:/cp/jdk-12!/java.datatransfer" type="simple" />
            <root url="jrt://D:/cp/jdk-12!/java.desktop" type="simple" />
            <root url="jrt://D:/cp/jdk-12!/java.instrument" type="simple" />
            <root url="jrt://D:/cp/jdk-12!/java.logging" type="simple" />
            <root url="jrt://D:/cp/jdk-12!/java.management" type="simple" />
            <root url="jrt://D:/cp/jdk-12!/java.management.rmi" type="simple" />
            <root url="jrt://D:/cp/jdk-12!/java.naming" type="simple" />
            <root url="jrt://D:/cp/jdk-12!/java.net.http" type="simple" />
            <root url="jrt://D:/cp/jdk-12!/java.prefs" type="simple" />
            <root url="jrt://D:/cp/jdk-12!/java.rmi" type="simple" />
            <root url="jrt://D:/cp/jdk-12!/java.scripting" type="simple" />
            <root url="jrt://D:/cp/jdk-12!/java.se" type="simple" />
            <root url="jrt://D:/cp/jdk-12!/java.security.jgss" type="simple" />
            <root url="jrt://D:/cp/jdk-12!/java.security.sasl" type="simple" />
            <root url="jrt://D:/cp/jdk-12!/java.smartcardio" type="simple" />
            <root url="jrt://D:/cp/jdk-12!/java.sql" type="simple" />
            <root url="jrt://D:/cp/jdk-12!/java.sql.rowset" type="simple" />
            <root url="jrt://D:/cp/jdk-12!/java.transaction.xa" type="simple" />
            <root url="jrt://D:/cp/jdk-12!/java.xml" type="simple" />
            <root url="jrt://D:/cp/jdk-12!/java.xml.crypto" type="simple" />
            <root url="jrt://D:/cp/jdk-12!/jdk.accessibility" type="simple" />
            <root url="jrt://D:/cp/jdk-12!/jdk.aot" type="simple" />
            <root url="jrt://D:/cp/jdk-12!/jdk.attach" type="simple" />
            <root url="jrt://D:/cp/jdk-12!/jdk.charsets" type="simple" />
            <root url="jrt://D:/cp/jdk-12!/jdk.compiler" type="simple" />
            <root url="jrt://D:/cp/jdk-12!/jdk.crypto.cryptoki" type="simple" />
            <root url="jrt://D:/cp/jdk-12!/jdk.crypto.ec" type="simple" />
            <root url="jrt://D:/cp/jdk-12!/jdk.crypto.mscapi" type="simple" />
            <root url="jrt://D:/cp/jdk-12!/jdk.dynalink" type="simple" />
            <root url="jrt://D:/cp/jdk-12!/jdk.editpad" type="simple" />
            <root url="jrt://D:/cp/jdk-12!/jdk.hotspot.agent" type="simple" />
            <root url="jrt://D:/cp/jdk-12!/jdk.httpserver" type="simple" />
            <root url="jrt://D:/cp/jdk-12!/jdk.internal.ed" type="simple" />
            <root url="jrt://D:/cp/jdk-12!/jdk.internal.jvmstat" type="simple" />
            <root url="jrt://D:/cp/jdk-12!/jdk.internal.le" type="simple" />
            <root url="jrt://D:/cp/jdk-12!/jdk.internal.opt" type="simple" />
            <root url="jrt://D:/cp/jdk-12!/jdk.internal.vm.ci" type="simple" />
            <root url="jrt://D:/cp/jdk-12!/jdk.internal.vm.compiler" type="simple" />
            <root url="jrt://D:/cp/jdk-12!/jdk.internal.vm.compiler.management" type="simple" />
            <root url="jrt://D:/cp/jdk-12!/jdk.jartool" type="simple" />
            <root url="jrt://D:/cp/jdk-12!/jdk.javadoc" type="simple" />
            <root url="jrt://D:/cp/jdk-12!/jdk.jcmd" type="simple" />
            <root url="jrt://D:/cp/jdk-12!/jdk.jconsole" type="simple" />
            <root url="jrt://D:/cp/jdk-12!/jdk.jdeps" type="simple" />
            <root url="jrt://D:/cp/jdk-12!/jdk.jdi" type="simple" />
            <root url="jrt://D:/cp/jdk-12!/jdk.jdwp.agent" type="simple" />
            <root url="jrt://D:/cp/jdk-12!/jdk.jfr" type="simple" />
            <root url="jrt://D:/cp/jdk-12!/jdk.jlink" type="simple" />
            <root url="jrt://D:/cp/jdk-12!/jdk.jshell" type="simple" />
            <root url="jrt://D:/cp/jdk-12!/jdk.jsobject" type="simple" />
            <root url="jrt://D:/cp/jdk-12!/jdk.jstatd" type="simple" />
            <root url="jrt://D:/cp/jdk-12!/jdk.localedata" type="simple" />
            <root url="jrt://D:/cp/jdk-12!/jdk.management" type="simple" />
            <root url="jrt://D:/cp/jdk-12!/jdk.management.agent" type="simple" />
            <root url="jrt://D:/cp/jdk-12!/jdk.management.jfr" type="simple" />
            <root url="jrt://D:/cp/jdk-12!/jdk.naming.dns" type="simple" />
            <root url="jrt://D:/cp/jdk-12!/jdk.naming.rmi" type="simple" />
            <root url="jrt://D:/cp/jdk-12!/jdk.net" type="simple" />
            <root url="jrt://D:/cp/jdk-12!/jdk.pack" type="simple" />
            <root url="jrt://D:/cp/jdk-12!/jdk.rmic" type="simple" />
            <root url="jrt://D:/cp/jdk-12!/jdk.scripting.nashorn" type="simple" />
            <root url="jrt://D:/cp/jdk-12!/jdk.scripting.nashorn.shell" type="simple" />
            <root url="jrt://D:/cp/jdk-12!/jdk.sctp" type="simple" />
            <root url="jrt://D:/cp/jdk-12!/jdk.security.auth" type="simple" />
            <root url="jrt://D:/cp/jdk-12!/jdk.security.jgss" type="simple" />
            <root url="jrt://D:/cp/jdk-12!/jdk.unsupported" type="simple" />
            <root url="jrt://D:/cp/jdk-12!/jdk.unsupported.desktop" type="simple" />
            <root url="jrt://D:/cp/jdk-12!/jdk.xml.dom" type="simple" />
            <root url="jrt://D:/cp/jdk-12!/jdk.zipfs" type="simple" />
          </root>
        </classPath>
        <javadocPath>
          <root type="composite" />
        </javadocPath>
        <sourcePath>
          <root type="composite">
            <root url="jar://D:/cp/jdk-12/lib/src.zip!/java.se" type="simple" />
            <root url="jar://D:/cp/jdk-12/lib/src.zip!/jdk.aot" type="simple" />
            <root url="jar://D:/cp/jdk-12/lib/src.zip!/jdk.jdi" type="simple" />
            <root url="jar://D:/cp/jdk-12/lib/src.zip!/jdk.jfr" type="simple" />
            <root url="jar://D:/cp/jdk-12/lib/src.zip!/jdk.net" type="simple" />
            <root url="jar://D:/cp/jdk-12/lib/src.zip!/java.rmi" type="simple" />
            <root url="jar://D:/cp/jdk-12/lib/src.zip!/java.sql" type="simple" />
            <root url="jar://D:/cp/jdk-12/lib/src.zip!/java.xml" type="simple" />
            <root url="jar://D:/cp/jdk-12/lib/src.zip!/jdk.jcmd" type="simple" />
            <root url="jar://D:/cp/jdk-12/lib/src.zip!/jdk.pack" type="simple" />
            <root url="jar://D:/cp/jdk-12/lib/src.zip!/jdk.rmic" type="simple" />
            <root url="jar://D:/cp/jdk-12/lib/src.zip!/jdk.sctp" type="simple" />
            <root url="jar://D:/cp/jdk-12/lib/src.zip!/java.base" type="simple" />
            <root url="jar://D:/cp/jdk-12/lib/src.zip!/jdk.jdeps" type="simple" />
            <root url="jar://D:/cp/jdk-12/lib/src.zip!/jdk.jlink" type="simple" />
            <root url="jar://D:/cp/jdk-12/lib/src.zip!/jdk.zipfs" type="simple" />
            <root url="jar://D:/cp/jdk-12/lib/src.zip!/java.prefs" type="simple" />
            <root url="jar://D:/cp/jdk-12/lib/src.zip!/jdk.attach" type="simple" />
            <root url="jar://D:/cp/jdk-12/lib/src.zip!/jdk.jshell" type="simple" />
            <root url="jar://D:/cp/jdk-12/lib/src.zip!/jdk.jstatd" type="simple" />
            <root url="jar://D:/cp/jdk-12/lib/src.zip!/java.naming" type="simple" />
            <root url="jar://D:/cp/jdk-12/lib/src.zip!/jdk.editpad" type="simple" />
            <root url="jar://D:/cp/jdk-12/lib/src.zip!/jdk.jartool" type="simple" />
            <root url="jar://D:/cp/jdk-12/lib/src.zip!/jdk.javadoc" type="simple" />
            <root url="jar://D:/cp/jdk-12/lib/src.zip!/jdk.xml.dom" type="simple" />
            <root url="jar://D:/cp/jdk-12/lib/src.zip!/java.desktop" type="simple" />
            <root url="jar://D:/cp/jdk-12/lib/src.zip!/java.logging" type="simple" />
            <root url="jar://D:/cp/jdk-12/lib/src.zip!/jdk.charsets" type="simple" />
            <root url="jar://D:/cp/jdk-12/lib/src.zip!/jdk.compiler" type="simple" />
            <root url="jar://D:/cp/jdk-12/lib/src.zip!/jdk.dynalink" type="simple" />
            <root url="jar://D:/cp/jdk-12/lib/src.zip!/jdk.jconsole" type="simple" />
            <root url="jar://D:/cp/jdk-12/lib/src.zip!/jdk.jsobject" type="simple" />
            <root url="jar://D:/cp/jdk-12/lib/src.zip!/java.compiler" type="simple" />
            <root url="jar://D:/cp/jdk-12/lib/src.zip!/java.net.http" type="simple" />
            <root url="jar://D:/cp/jdk-12/lib/src.zip!/jdk.crypto.ec" type="simple" />
            <root url="jar://D:/cp/jdk-12/lib/src.zip!/java.scripting" type="simple" />
            <root url="jar://D:/cp/jdk-12/lib/src.zip!/jdk.httpserver" type="simple" />
            <root url="jar://D:/cp/jdk-12/lib/src.zip!/jdk.jdwp.agent" type="simple" />
            <root url="jar://D:/cp/jdk-12/lib/src.zip!/jdk.localedata" type="simple" />
            <root url="jar://D:/cp/jdk-12/lib/src.zip!/jdk.management" type="simple" />
            <root url="jar://D:/cp/jdk-12/lib/src.zip!/jdk.naming.dns" type="simple" />
            <root url="jar://D:/cp/jdk-12/lib/src.zip!/jdk.naming.rmi" type="simple" />
            <root url="jar://D:/cp/jdk-12/lib/src.zip!/java.instrument" type="simple" />
            <root url="jar://D:/cp/jdk-12/lib/src.zip!/java.management" type="simple" />
            <root url="jar://D:/cp/jdk-12/lib/src.zip!/java.sql.rowset" type="simple" />
            <root url="jar://D:/cp/jdk-12/lib/src.zip!/java.xml.crypto" type="simple" />
            <root url="jar://D:/cp/jdk-12/lib/src.zip!/jdk.internal.ed" type="simple" />
            <root url="jar://D:/cp/jdk-12/lib/src.zip!/jdk.internal.le" type="simple" />
            <root url="jar://D:/cp/jdk-12/lib/src.zip!/jdk.unsupported" type="simple" />
            <root url="jar://D:/cp/jdk-12/lib/src.zip!/java.smartcardio" type="simple" />
            <root url="jar://D:/cp/jdk-12/lib/src.zip!/jdk.internal.opt" type="simple" />
            <root url="jar://D:/cp/jdk-12/lib/src.zip!/java.datatransfer" type="simple" />
            <root url="jar://D:/cp/jdk-12/lib/src.zip!/jdk.accessibility" type="simple" />
            <root url="jar://D:/cp/jdk-12/lib/src.zip!/jdk.crypto.mscapi" type="simple" />
            <root url="jar://D:/cp/jdk-12/lib/src.zip!/jdk.hotspot.agent" type="simple" />
            <root url="jar://D:/cp/jdk-12/lib/src.zip!/jdk.security.auth" type="simple" />
            <root url="jar://D:/cp/jdk-12/lib/src.zip!/jdk.security.jgss" type="simple" />
            <root url="jar://D:/cp/jdk-12/lib/src.zip!/java.security.jgss" type="simple" />
            <root url="jar://D:/cp/jdk-12/lib/src.zip!/java.security.sasl" type="simple" />
            <root url="jar://D:/cp/jdk-12/lib/src.zip!/jdk.internal.vm.ci" type="simple" />
            <root url="jar://D:/cp/jdk-12/lib/src.zip!/jdk.management.jfr" type="simple" />
            <root url="jar://D:/cp/jdk-12/lib/src.zip!/java.management.rmi" type="simple" />
            <root url="jar://D:/cp/jdk-12/lib/src.zip!/java.transaction.xa" type="simple" />
            <root url="jar://D:/cp/jdk-12/lib/src.zip!/jdk.crypto.cryptoki" type="simple" />
            <root url="jar://D:/cp/jdk-12/lib/src.zip!/jdk.internal.jvmstat" type="simple" />
            <root url="jar://D:/cp/jdk-12/lib/src.zip!/jdk.management.agent" type="simple" />
            <root url="jar://D:/cp/jdk-12/lib/src.zip!/jdk.scripting.nashorn" type="simple" />
            <root url="jar://D:/cp/jdk-12/lib/src.zip!/jdk.unsupported.desktop" type="simple" />
            <root url="jar://D:/cp/jdk-12/lib/src.zip!/jdk.internal.vm.compiler" type="simple" />
            <root url="jar://D:/cp/jdk-12/lib/src.zip!/jdk.scripting.nashorn.shell" type="simple" />
            <root url="jar://D:/cp/jdk-12/lib/src.zip!/jdk.internal.vm.compiler.management" type="simple" />
          </root>
        </sourcePath>
      </roots>
      <additional />
    </jdk>
  </component>
</application>