<application>
  <component name="ProjectManager">
    <defaultProject>
      <component name="DefaultGradleProjectSettings">
        <option name="isMigrated" value="true" />
      </component>
      <component name="GradleLocalSettings">
        <option name="projectSyncType">
          <map>
            <entry key="D:/temp/Flying_Saucer_PDF_Generation" value="PREVIEW" />
            <entry key="D:/temp/fables-kotlin/jee" value="PREVIEW" />
            <entry key="D:/temp/fables-kotlin/jee/java" value="PREVIEW" />
            <entry key="D:/temp/java2kotlin" value="PREVIEW" />
            <entry key="D:/temp/rest-kotlin" value="PREVIEW" />
            <entry key="D:/work/_inventory/equipment-account" value="PREVIEW" />
            <entry key="D:/work/_inventory/equipment-account-jsf" value="PREVIEW" />
            <entry key="D:/work/_tutorials/_jsf/PrimeAutoSales" value="PREVIEW" />
            <entry key="D:/work/idea/erip/erip" value="PREVIEW" />
          </map>
        </option>
      </component>
      <component name="PropertiesComponent">
        <property name="nodejs_interpreter_path.stuck_in_default_project" value="undefined stuck path" />
        <property name="nodejs_npm_path_reset_for_default_project" value="true" />
        <property name="settings.editor.selected.configurable" value="preferences.pluginManager" />
      </component>
      <component name="masterDetails">
        <states>
          <state key="ProjectJDKs.UI">
            <settings>
              <last-edited>8</last-edited>
              <splitter-proportions>
                <option name="proportions">
                  <list>
                    <option value="0.2" />
                  </list>
                </option>
              </splitter-proportions>
            </settings>
          </state>
        </states>
      </component>
    </defaultProject>
  </component>
</application>