<application>
  <component name="FindSettings">
    <option name="customScope" value="Project Files" />
    <option name="defaultScopeName" value="Project Files" />
    <option name="SEARCH_SCOPE" value="Project Files" />
    <option name="FILE_MASK" value="*.gradle" />
    <mask>*.gradle.kts</mask>
    <mask>*.kts</mask>
    <mask>*.GRADLE</mask>
    <mask>*.properties</mask>
    <mask>*.kt</mask>
    <mask>*.java</mask>
    <mask>*.xml</mask>
    <mask>*.gradle</mask>
  </component>
</application>