<application>
  <component name="ProjectJdkTable">
    <jdk version="2">
      <name value="windows sdkman temurin-17" />
      <type value="JavaSDK" />
      <version value="Eclipse Temurin 17.0.14" />
      <homePath value="D:/utils/sdkman/candidates/java/17.0.14-tem" />
      <roots>
        <annotationsPath>
          <root type="composite">
            <root url="jar://$APPLICATION_HOME_DIR$/plugins/java/lib/resources/jdkAnnotations.jar!/" type="simple" />
          </root>
        </annotationsPath>
        <classPath>
          <root type="composite">
            <root url="jrt://D:/utils/sdkman/candidates/java/17.0.14-tem!/java.base" type="simple" />
            <root url="jrt://D:/utils/sdkman/candidates/java/17.0.14-tem!/java.compiler" type="simple" />
            <root url="jrt://D:/utils/sdkman/candidates/java/17.0.14-tem!/java.datatransfer" type="simple" />
            <root url="jrt://D:/utils/sdkman/candidates/java/17.0.14-tem!/java.desktop" type="simple" />
            <root url="jrt://D:/utils/sdkman/candidates/java/17.0.14-tem!/java.instrument" type="simple" />
            <root url="jrt://D:/utils/sdkman/candidates/java/17.0.14-tem!/java.logging" type="simple" />
            <root url="jrt://D:/utils/sdkman/candidates/java/17.0.14-tem!/java.management" type="simple" />
            <root url="jrt://D:/utils/sdkman/candidates/java/17.0.14-tem!/java.management.rmi" type="simple" />
            <root url="jrt://D:/utils/sdkman/candidates/java/17.0.14-tem!/java.naming" type="simple" />
            <root url="jrt://D:/utils/sdkman/candidates/java/17.0.14-tem!/java.net.http" type="simple" />
            <root url="jrt://D:/utils/sdkman/candidates/java/17.0.14-tem!/java.prefs" type="simple" />
            <root url="jrt://D:/utils/sdkman/candidates/java/17.0.14-tem!/java.rmi" type="simple" />
            <root url="jrt://D:/utils/sdkman/candidates/java/17.0.14-tem!/java.scripting" type="simple" />
            <root url="jrt://D:/utils/sdkman/candidates/java/17.0.14-tem!/java.se" type="simple" />
            <root url="jrt://D:/utils/sdkman/candidates/java/17.0.14-tem!/java.security.jgss" type="simple" />
            <root url="jrt://D:/utils/sdkman/candidates/java/17.0.14-tem!/java.security.sasl" type="simple" />
            <root url="jrt://D:/utils/sdkman/candidates/java/17.0.14-tem!/java.smartcardio" type="simple" />
            <root url="jrt://D:/utils/sdkman/candidates/java/17.0.14-tem!/java.sql" type="simple" />
            <root url="jrt://D:/utils/sdkman/candidates/java/17.0.14-tem!/java.sql.rowset" type="simple" />
            <root url="jrt://D:/utils/sdkman/candidates/java/17.0.14-tem!/java.transaction.xa" type="simple" />
            <root url="jrt://D:/utils/sdkman/candidates/java/17.0.14-tem!/java.xml" type="simple" />
            <root url="jrt://D:/utils/sdkman/candidates/java/17.0.14-tem!/java.xml.crypto" type="simple" />
            <root url="jrt://D:/utils/sdkman/candidates/java/17.0.14-tem!/jdk.accessibility" type="simple" />
            <root url="jrt://D:/utils/sdkman/candidates/java/17.0.14-tem!/jdk.attach" type="simple" />
            <root url="jrt://D:/utils/sdkman/candidates/java/17.0.14-tem!/jdk.charsets" type="simple" />
            <root url="jrt://D:/utils/sdkman/candidates/java/17.0.14-tem!/jdk.compiler" type="simple" />
            <root url="jrt://D:/utils/sdkman/candidates/java/17.0.14-tem!/jdk.crypto.cryptoki" type="simple" />
            <root url="jrt://D:/utils/sdkman/candidates/java/17.0.14-tem!/jdk.crypto.ec" type="simple" />
            <root url="jrt://D:/utils/sdkman/candidates/java/17.0.14-tem!/jdk.crypto.mscapi" type="simple" />
            <root url="jrt://D:/utils/sdkman/candidates/java/17.0.14-tem!/jdk.dynalink" type="simple" />
            <root url="jrt://D:/utils/sdkman/candidates/java/17.0.14-tem!/jdk.editpad" type="simple" />
            <root url="jrt://D:/utils/sdkman/candidates/java/17.0.14-tem!/jdk.hotspot.agent" type="simple" />
            <root url="jrt://D:/utils/sdkman/candidates/java/17.0.14-tem!/jdk.httpserver" type="simple" />
            <root url="jrt://D:/utils/sdkman/candidates/java/17.0.14-tem!/jdk.incubator.foreign" type="simple" />
            <root url="jrt://D:/utils/sdkman/candidates/java/17.0.14-tem!/jdk.incubator.vector" type="simple" />
            <root url="jrt://D:/utils/sdkman/candidates/java/17.0.14-tem!/jdk.internal.ed" type="simple" />
            <root url="jrt://D:/utils/sdkman/candidates/java/17.0.14-tem!/jdk.internal.jvmstat" type="simple" />
            <root url="jrt://D:/utils/sdkman/candidates/java/17.0.14-tem!/jdk.internal.le" type="simple" />
            <root url="jrt://D:/utils/sdkman/candidates/java/17.0.14-tem!/jdk.internal.opt" type="simple" />
            <root url="jrt://D:/utils/sdkman/candidates/java/17.0.14-tem!/jdk.internal.vm.ci" type="simple" />
            <root url="jrt://D:/utils/sdkman/candidates/java/17.0.14-tem!/jdk.internal.vm.compiler" type="simple" />
            <root url="jrt://D:/utils/sdkman/candidates/java/17.0.14-tem!/jdk.internal.vm.compiler.management" type="simple" />
            <root url="jrt://D:/utils/sdkman/candidates/java/17.0.14-tem!/jdk.jartool" type="simple" />
            <root url="jrt://D:/utils/sdkman/candidates/java/17.0.14-tem!/jdk.javadoc" type="simple" />
            <root url="jrt://D:/utils/sdkman/candidates/java/17.0.14-tem!/jdk.jcmd" type="simple" />
            <root url="jrt://D:/utils/sdkman/candidates/java/17.0.14-tem!/jdk.jconsole" type="simple" />
            <root url="jrt://D:/utils/sdkman/candidates/java/17.0.14-tem!/jdk.jdeps" type="simple" />
            <root url="jrt://D:/utils/sdkman/candidates/java/17.0.14-tem!/jdk.jdi" type="simple" />
            <root url="jrt://D:/utils/sdkman/candidates/java/17.0.14-tem!/jdk.jdwp.agent" type="simple" />
            <root url="jrt://D:/utils/sdkman/candidates/java/17.0.14-tem!/jdk.jfr" type="simple" />
            <root url="jrt://D:/utils/sdkman/candidates/java/17.0.14-tem!/jdk.jlink" type="simple" />
            <root url="jrt://D:/utils/sdkman/candidates/java/17.0.14-tem!/jdk.jpackage" type="simple" />
            <root url="jrt://D:/utils/sdkman/candidates/java/17.0.14-tem!/jdk.jshell" type="simple" />
            <root url="jrt://D:/utils/sdkman/candidates/java/17.0.14-tem!/jdk.jsobject" type="simple" />
            <root url="jrt://D:/utils/sdkman/candidates/java/17.0.14-tem!/jdk.jstatd" type="simple" />
            <root url="jrt://D:/utils/sdkman/candidates/java/17.0.14-tem!/jdk.localedata" type="simple" />
            <root url="jrt://D:/utils/sdkman/candidates/java/17.0.14-tem!/jdk.management" type="simple" />
            <root url="jrt://D:/utils/sdkman/candidates/java/17.0.14-tem!/jdk.management.agent" type="simple" />
            <root url="jrt://D:/utils/sdkman/candidates/java/17.0.14-tem!/jdk.management.jfr" type="simple" />
            <root url="jrt://D:/utils/sdkman/candidates/java/17.0.14-tem!/jdk.naming.dns" type="simple" />
            <root url="jrt://D:/utils/sdkman/candidates/java/17.0.14-tem!/jdk.naming.rmi" type="simple" />
            <root url="jrt://D:/utils/sdkman/candidates/java/17.0.14-tem!/jdk.net" type="simple" />
            <root url="jrt://D:/utils/sdkman/candidates/java/17.0.14-tem!/jdk.nio.mapmode" type="simple" />
            <root url="jrt://D:/utils/sdkman/candidates/java/17.0.14-tem!/jdk.random" type="simple" />
            <root url="jrt://D:/utils/sdkman/candidates/java/17.0.14-tem!/jdk.sctp" type="simple" />
            <root url="jrt://D:/utils/sdkman/candidates/java/17.0.14-tem!/jdk.security.auth" type="simple" />
            <root url="jrt://D:/utils/sdkman/candidates/java/17.0.14-tem!/jdk.security.jgss" type="simple" />
            <root url="jrt://D:/utils/sdkman/candidates/java/17.0.14-tem!/jdk.unsupported" type="simple" />
            <root url="jrt://D:/utils/sdkman/candidates/java/17.0.14-tem!/jdk.unsupported.desktop" type="simple" />
            <root url="jrt://D:/utils/sdkman/candidates/java/17.0.14-tem!/jdk.xml.dom" type="simple" />
            <root url="jrt://D:/utils/sdkman/candidates/java/17.0.14-tem!/jdk.zipfs" type="simple" />
          </root>
        </classPath>
        <javadocPath>
          <root type="composite" />
        </javadocPath>
        <sourcePath>
          <root type="composite">
            <root url="jar://D:/utils/sdkman/candidates/java/17.0.14-tem/lib/src.zip!/java.se" type="simple" />
            <root url="jar://D:/utils/sdkman/candidates/java/17.0.14-tem/lib/src.zip!/jdk.jdi" type="simple" />
            <root url="jar://D:/utils/sdkman/candidates/java/17.0.14-tem/lib/src.zip!/jdk.jfr" type="simple" />
            <root url="jar://D:/utils/sdkman/candidates/java/17.0.14-tem/lib/src.zip!/jdk.net" type="simple" />
            <root url="jar://D:/utils/sdkman/candidates/java/17.0.14-tem/lib/src.zip!/java.rmi" type="simple" />
            <root url="jar://D:/utils/sdkman/candidates/java/17.0.14-tem/lib/src.zip!/java.sql" type="simple" />
            <root url="jar://D:/utils/sdkman/candidates/java/17.0.14-tem/lib/src.zip!/java.xml" type="simple" />
            <root url="jar://D:/utils/sdkman/candidates/java/17.0.14-tem/lib/src.zip!/jdk.jcmd" type="simple" />
            <root url="jar://D:/utils/sdkman/candidates/java/17.0.14-tem/lib/src.zip!/jdk.sctp" type="simple" />
            <root url="jar://D:/utils/sdkman/candidates/java/17.0.14-tem/lib/src.zip!/java.base" type="simple" />
            <root url="jar://D:/utils/sdkman/candidates/java/17.0.14-tem/lib/src.zip!/jdk.jdeps" type="simple" />
            <root url="jar://D:/utils/sdkman/candidates/java/17.0.14-tem/lib/src.zip!/jdk.jlink" type="simple" />
            <root url="jar://D:/utils/sdkman/candidates/java/17.0.14-tem/lib/src.zip!/jdk.zipfs" type="simple" />
            <root url="jar://D:/utils/sdkman/candidates/java/17.0.14-tem/lib/src.zip!/java.prefs" type="simple" />
            <root url="jar://D:/utils/sdkman/candidates/java/17.0.14-tem/lib/src.zip!/jdk.attach" type="simple" />
            <root url="jar://D:/utils/sdkman/candidates/java/17.0.14-tem/lib/src.zip!/jdk.jshell" type="simple" />
            <root url="jar://D:/utils/sdkman/candidates/java/17.0.14-tem/lib/src.zip!/jdk.jstatd" type="simple" />
            <root url="jar://D:/utils/sdkman/candidates/java/17.0.14-tem/lib/src.zip!/jdk.random" type="simple" />
            <root url="jar://D:/utils/sdkman/candidates/java/17.0.14-tem/lib/src.zip!/java.naming" type="simple" />
            <root url="jar://D:/utils/sdkman/candidates/java/17.0.14-tem/lib/src.zip!/jdk.editpad" type="simple" />
            <root url="jar://D:/utils/sdkman/candidates/java/17.0.14-tem/lib/src.zip!/jdk.jartool" type="simple" />
            <root url="jar://D:/utils/sdkman/candidates/java/17.0.14-tem/lib/src.zip!/jdk.javadoc" type="simple" />
            <root url="jar://D:/utils/sdkman/candidates/java/17.0.14-tem/lib/src.zip!/jdk.xml.dom" type="simple" />
            <root url="jar://D:/utils/sdkman/candidates/java/17.0.14-tem/lib/src.zip!/java.desktop" type="simple" />
            <root url="jar://D:/utils/sdkman/candidates/java/17.0.14-tem/lib/src.zip!/java.logging" type="simple" />
            <root url="jar://D:/utils/sdkman/candidates/java/17.0.14-tem/lib/src.zip!/jdk.charsets" type="simple" />
            <root url="jar://D:/utils/sdkman/candidates/java/17.0.14-tem/lib/src.zip!/jdk.compiler" type="simple" />
            <root url="jar://D:/utils/sdkman/candidates/java/17.0.14-tem/lib/src.zip!/jdk.dynalink" type="simple" />
            <root url="jar://D:/utils/sdkman/candidates/java/17.0.14-tem/lib/src.zip!/jdk.jconsole" type="simple" />
            <root url="jar://D:/utils/sdkman/candidates/java/17.0.14-tem/lib/src.zip!/jdk.jpackage" type="simple" />
            <root url="jar://D:/utils/sdkman/candidates/java/17.0.14-tem/lib/src.zip!/jdk.jsobject" type="simple" />
            <root url="jar://D:/utils/sdkman/candidates/java/17.0.14-tem/lib/src.zip!/java.compiler" type="simple" />
            <root url="jar://D:/utils/sdkman/candidates/java/17.0.14-tem/lib/src.zip!/java.net.http" type="simple" />
            <root url="jar://D:/utils/sdkman/candidates/java/17.0.14-tem/lib/src.zip!/jdk.crypto.ec" type="simple" />
            <root url="jar://D:/utils/sdkman/candidates/java/17.0.14-tem/lib/src.zip!/java.scripting" type="simple" />
            <root url="jar://D:/utils/sdkman/candidates/java/17.0.14-tem/lib/src.zip!/jdk.httpserver" type="simple" />
            <root url="jar://D:/utils/sdkman/candidates/java/17.0.14-tem/lib/src.zip!/jdk.jdwp.agent" type="simple" />
            <root url="jar://D:/utils/sdkman/candidates/java/17.0.14-tem/lib/src.zip!/jdk.localedata" type="simple" />
            <root url="jar://D:/utils/sdkman/candidates/java/17.0.14-tem/lib/src.zip!/jdk.management" type="simple" />
            <root url="jar://D:/utils/sdkman/candidates/java/17.0.14-tem/lib/src.zip!/jdk.naming.dns" type="simple" />
            <root url="jar://D:/utils/sdkman/candidates/java/17.0.14-tem/lib/src.zip!/jdk.naming.rmi" type="simple" />
            <root url="jar://D:/utils/sdkman/candidates/java/17.0.14-tem/lib/src.zip!/java.instrument" type="simple" />
            <root url="jar://D:/utils/sdkman/candidates/java/17.0.14-tem/lib/src.zip!/java.management" type="simple" />
            <root url="jar://D:/utils/sdkman/candidates/java/17.0.14-tem/lib/src.zip!/java.sql.rowset" type="simple" />
            <root url="jar://D:/utils/sdkman/candidates/java/17.0.14-tem/lib/src.zip!/java.xml.crypto" type="simple" />
            <root url="jar://D:/utils/sdkman/candidates/java/17.0.14-tem/lib/src.zip!/jdk.internal.ed" type="simple" />
            <root url="jar://D:/utils/sdkman/candidates/java/17.0.14-tem/lib/src.zip!/jdk.internal.le" type="simple" />
            <root url="jar://D:/utils/sdkman/candidates/java/17.0.14-tem/lib/src.zip!/jdk.nio.mapmode" type="simple" />
            <root url="jar://D:/utils/sdkman/candidates/java/17.0.14-tem/lib/src.zip!/jdk.unsupported" type="simple" />
            <root url="jar://D:/utils/sdkman/candidates/java/17.0.14-tem/lib/src.zip!/java.smartcardio" type="simple" />
            <root url="jar://D:/utils/sdkman/candidates/java/17.0.14-tem/lib/src.zip!/jdk.internal.opt" type="simple" />
            <root url="jar://D:/utils/sdkman/candidates/java/17.0.14-tem/lib/src.zip!/java.datatransfer" type="simple" />
            <root url="jar://D:/utils/sdkman/candidates/java/17.0.14-tem/lib/src.zip!/jdk.accessibility" type="simple" />
            <root url="jar://D:/utils/sdkman/candidates/java/17.0.14-tem/lib/src.zip!/jdk.crypto.mscapi" type="simple" />
            <root url="jar://D:/utils/sdkman/candidates/java/17.0.14-tem/lib/src.zip!/jdk.hotspot.agent" type="simple" />
            <root url="jar://D:/utils/sdkman/candidates/java/17.0.14-tem/lib/src.zip!/jdk.security.auth" type="simple" />
            <root url="jar://D:/utils/sdkman/candidates/java/17.0.14-tem/lib/src.zip!/jdk.security.jgss" type="simple" />
            <root url="jar://D:/utils/sdkman/candidates/java/17.0.14-tem/lib/src.zip!/java.security.jgss" type="simple" />
            <root url="jar://D:/utils/sdkman/candidates/java/17.0.14-tem/lib/src.zip!/java.security.sasl" type="simple" />
            <root url="jar://D:/utils/sdkman/candidates/java/17.0.14-tem/lib/src.zip!/jdk.internal.vm.ci" type="simple" />
            <root url="jar://D:/utils/sdkman/candidates/java/17.0.14-tem/lib/src.zip!/jdk.management.jfr" type="simple" />
            <root url="jar://D:/utils/sdkman/candidates/java/17.0.14-tem/lib/src.zip!/java.management.rmi" type="simple" />
            <root url="jar://D:/utils/sdkman/candidates/java/17.0.14-tem/lib/src.zip!/java.transaction.xa" type="simple" />
            <root url="jar://D:/utils/sdkman/candidates/java/17.0.14-tem/lib/src.zip!/jdk.crypto.cryptoki" type="simple" />
            <root url="jar://D:/utils/sdkman/candidates/java/17.0.14-tem/lib/src.zip!/jdk.incubator.vector" type="simple" />
            <root url="jar://D:/utils/sdkman/candidates/java/17.0.14-tem/lib/src.zip!/jdk.internal.jvmstat" type="simple" />
            <root url="jar://D:/utils/sdkman/candidates/java/17.0.14-tem/lib/src.zip!/jdk.management.agent" type="simple" />
            <root url="jar://D:/utils/sdkman/candidates/java/17.0.14-tem/lib/src.zip!/jdk.incubator.foreign" type="simple" />
            <root url="jar://D:/utils/sdkman/candidates/java/17.0.14-tem/lib/src.zip!/jdk.unsupported.desktop" type="simple" />
            <root url="jar://D:/utils/sdkman/candidates/java/17.0.14-tem/lib/src.zip!/jdk.internal.vm.compiler" type="simple" />
            <root url="jar://D:/utils/sdkman/candidates/java/17.0.14-tem/lib/src.zip!/jdk.internal.vm.compiler.management" type="simple" />
          </root>
        </sourcePath>
      </roots>
    </jdk>
    <jdk version="2">
      <name value="Kotlin SDK" />
      <type value="KotlinSDK" />
      <homePath value="/" />
      <roots>
        <annotationsPath>
          <root type="composite" />
        </annotationsPath>
        <classPath>
          <root type="composite" />
        </classPath>
        <javadocPath>
          <root type="composite" />
        </javadocPath>
        <sourcePath>
          <root type="composite" />
        </sourcePath>
      </roots>
    </jdk>
    <jdk version="2">
      <name value="linux temurin-17 sdkman" />
      <type value="JavaSDK" />
      <version value="Eclipse Temurin 17.0.15" />
      <homePath value="/opt/sdkman/candidates/java/17.0.15-tem" />
      <roots>
        <annotationsPath>
          <root type="composite">
            <root url="jar://$APPLICATION_HOME_DIR$/plugins/java/lib/resources/jdkAnnotations.jar!/" type="simple" />
          </root>
        </annotationsPath>
        <classPath>
          <root type="composite" />
        </classPath>
        <javadocPath>
          <root type="composite" />
        </javadocPath>
        <sourcePath>
          <root type="composite" />
        </sourcePath>
      </roots>
    </jdk>
    <jdk version="2">
      <name value="windows sdkman temurin-1.8" />
      <type value="JavaSDK" />
      <version value="Eclipse Temurin 1.8.0_442" />
      <homePath value="D:/utils/sdkman/candidates/java/8.0.442-tem" />
      <roots>
        <annotationsPath>
          <root type="composite">
            <root url="jar://$APPLICATION_HOME_DIR$/plugins/java/lib/resources/jdkAnnotations.jar!/" type="simple" />
          </root>
        </annotationsPath>
        <classPath>
          <root type="composite">
            <root url="jar://D:/utils/sdkman/candidates/java/8.0.442-tem/jre/lib/charsets.jar!/" type="simple" />
            <root url="jar://D:/utils/sdkman/candidates/java/8.0.442-tem/jre/lib/ext/access-bridge-64.jar!/" type="simple" />
            <root url="jar://D:/utils/sdkman/candidates/java/8.0.442-tem/jre/lib/ext/cldrdata.jar!/" type="simple" />
            <root url="jar://D:/utils/sdkman/candidates/java/8.0.442-tem/jre/lib/ext/dnsns.jar!/" type="simple" />
            <root url="jar://D:/utils/sdkman/candidates/java/8.0.442-tem/jre/lib/ext/jaccess.jar!/" type="simple" />
            <root url="jar://D:/utils/sdkman/candidates/java/8.0.442-tem/jre/lib/ext/localedata.jar!/" type="simple" />
            <root url="jar://D:/utils/sdkman/candidates/java/8.0.442-tem/jre/lib/ext/nashorn.jar!/" type="simple" />
            <root url="jar://D:/utils/sdkman/candidates/java/8.0.442-tem/jre/lib/ext/sunec.jar!/" type="simple" />
            <root url="jar://D:/utils/sdkman/candidates/java/8.0.442-tem/jre/lib/ext/sunjce_provider.jar!/" type="simple" />
            <root url="jar://D:/utils/sdkman/candidates/java/8.0.442-tem/jre/lib/ext/sunmscapi.jar!/" type="simple" />
            <root url="jar://D:/utils/sdkman/candidates/java/8.0.442-tem/jre/lib/ext/sunpkcs11.jar!/" type="simple" />
            <root url="jar://D:/utils/sdkman/candidates/java/8.0.442-tem/jre/lib/ext/zipfs.jar!/" type="simple" />
            <root url="jar://D:/utils/sdkman/candidates/java/8.0.442-tem/jre/lib/jce.jar!/" type="simple" />
            <root url="jar://D:/utils/sdkman/candidates/java/8.0.442-tem/jre/lib/jfr.jar!/" type="simple" />
            <root url="jar://D:/utils/sdkman/candidates/java/8.0.442-tem/jre/lib/jsse.jar!/" type="simple" />
            <root url="jar://D:/utils/sdkman/candidates/java/8.0.442-tem/jre/lib/management-agent.jar!/" type="simple" />
            <root url="jar://D:/utils/sdkman/candidates/java/8.0.442-tem/jre/lib/resources.jar!/" type="simple" />
            <root url="jar://D:/utils/sdkman/candidates/java/8.0.442-tem/jre/lib/rt.jar!/" type="simple" />
          </root>
        </classPath>
        <javadocPath>
          <root type="composite" />
        </javadocPath>
        <sourcePath>
          <root type="composite">
            <root url="jar://D:/utils/sdkman/candidates/java/8.0.442-tem/src.zip!/" type="simple" />
          </root>
        </sourcePath>
      </roots>
    </jdk>
    <jdk version="2">
      <name value="linux temurin-21 sdkman" />
      <type value="JavaSDK" />
      <version value="Eclipse Temurin 21.0.7" />
      <homePath value="/opt/sdkman/candidates/java/21.0.7-tem" />
      <roots>
        <annotationsPath>
          <root type="composite">
            <root url="jar://$APPLICATION_HOME_DIR$/plugins/java/lib/resources/jdkAnnotations.jar!/" type="simple" />
          </root>
        </annotationsPath>
        <classPath>
          <root type="composite" />
        </classPath>
        <javadocPath>
          <root type="composite" />
        </javadocPath>
        <sourcePath>
          <root type="composite" />
        </sourcePath>
      </roots>
    </jdk>
    <jdk version="2">
      <name value="linux temurin-1.8 sdkman" />
      <type value="JavaSDK" />
      <version value="Eclipse Temurin 1.8.0_442" />
      <homePath value="/opt/sdkman/candidates/java/8.0.442-tem" />
      <roots>
        <annotationsPath>
          <root type="composite" />
        </annotationsPath>
        <classPath>
          <root type="composite" />
        </classPath>
        <javadocPath>
          <root type="composite" />
        </javadocPath>
        <sourcePath>
          <root type="composite" />
        </sourcePath>
      </roots>
    </jdk>
    <jdk version="2">
      <name value="linux temurin-11 sdkman" />
      <type value="JavaSDK" />
      <version value="Eclipse Temurin 11.0.26" />
      <homePath value="/opt/sdkman/candidates/java/11.0.26-tem" />
      <roots>
        <annotationsPath>
          <root type="composite" />
        </annotationsPath>
        <classPath>
          <root type="composite" />
        </classPath>
        <javadocPath>
          <root type="composite" />
        </javadocPath>
        <sourcePath>
          <root type="composite" />
        </sourcePath>
      </roots>
    </jdk>
    <jdk version="2">
      <name value="windows sdkman openjdk 12" />
      <type value="JavaSDK" />
      <version value="Oracle OpenJDK 12.0.2" />
      <homePath value="D:/utils/sdkman/candidates/java/12.0.2-open" />
      <roots>
        <annotationsPath>
          <root type="composite">
            <root url="jar://$APPLICATION_HOME_DIR$/plugins/java/lib/resources/jdkAnnotations.jar!/" type="simple" />
          </root>
        </annotationsPath>
        <classPath>
          <root type="composite">
            <root url="jrt://D:/utils/sdkman/candidates/java/12.0.2-open!/java.base" type="simple" />
            <root url="jrt://D:/utils/sdkman/candidates/java/12.0.2-open!/java.compiler" type="simple" />
            <root url="jrt://D:/utils/sdkman/candidates/java/12.0.2-open!/java.datatransfer" type="simple" />
            <root url="jrt://D:/utils/sdkman/candidates/java/12.0.2-open!/java.desktop" type="simple" />
            <root url="jrt://D:/utils/sdkman/candidates/java/12.0.2-open!/java.instrument" type="simple" />
            <root url="jrt://D:/utils/sdkman/candidates/java/12.0.2-open!/java.logging" type="simple" />
            <root url="jrt://D:/utils/sdkman/candidates/java/12.0.2-open!/java.management" type="simple" />
            <root url="jrt://D:/utils/sdkman/candidates/java/12.0.2-open!/java.management.rmi" type="simple" />
            <root url="jrt://D:/utils/sdkman/candidates/java/12.0.2-open!/java.naming" type="simple" />
            <root url="jrt://D:/utils/sdkman/candidates/java/12.0.2-open!/java.net.http" type="simple" />
            <root url="jrt://D:/utils/sdkman/candidates/java/12.0.2-open!/java.prefs" type="simple" />
            <root url="jrt://D:/utils/sdkman/candidates/java/12.0.2-open!/java.rmi" type="simple" />
            <root url="jrt://D:/utils/sdkman/candidates/java/12.0.2-open!/java.scripting" type="simple" />
            <root url="jrt://D:/utils/sdkman/candidates/java/12.0.2-open!/java.se" type="simple" />
            <root url="jrt://D:/utils/sdkman/candidates/java/12.0.2-open!/java.security.jgss" type="simple" />
            <root url="jrt://D:/utils/sdkman/candidates/java/12.0.2-open!/java.security.sasl" type="simple" />
            <root url="jrt://D:/utils/sdkman/candidates/java/12.0.2-open!/java.smartcardio" type="simple" />
            <root url="jrt://D:/utils/sdkman/candidates/java/12.0.2-open!/java.sql" type="simple" />
            <root url="jrt://D:/utils/sdkman/candidates/java/12.0.2-open!/java.sql.rowset" type="simple" />
            <root url="jrt://D:/utils/sdkman/candidates/java/12.0.2-open!/java.transaction.xa" type="simple" />
            <root url="jrt://D:/utils/sdkman/candidates/java/12.0.2-open!/java.xml" type="simple" />
            <root url="jrt://D:/utils/sdkman/candidates/java/12.0.2-open!/java.xml.crypto" type="simple" />
            <root url="jrt://D:/utils/sdkman/candidates/java/12.0.2-open!/jdk.accessibility" type="simple" />
            <root url="jrt://D:/utils/sdkman/candidates/java/12.0.2-open!/jdk.aot" type="simple" />
            <root url="jrt://D:/utils/sdkman/candidates/java/12.0.2-open!/jdk.attach" type="simple" />
            <root url="jrt://D:/utils/sdkman/candidates/java/12.0.2-open!/jdk.charsets" type="simple" />
            <root url="jrt://D:/utils/sdkman/candidates/java/12.0.2-open!/jdk.compiler" type="simple" />
            <root url="jrt://D:/utils/sdkman/candidates/java/12.0.2-open!/jdk.crypto.cryptoki" type="simple" />
            <root url="jrt://D:/utils/sdkman/candidates/java/12.0.2-open!/jdk.crypto.ec" type="simple" />
            <root url="jrt://D:/utils/sdkman/candidates/java/12.0.2-open!/jdk.crypto.mscapi" type="simple" />
            <root url="jrt://D:/utils/sdkman/candidates/java/12.0.2-open!/jdk.dynalink" type="simple" />
            <root url="jrt://D:/utils/sdkman/candidates/java/12.0.2-open!/jdk.editpad" type="simple" />
            <root url="jrt://D:/utils/sdkman/candidates/java/12.0.2-open!/jdk.hotspot.agent" type="simple" />
            <root url="jrt://D:/utils/sdkman/candidates/java/12.0.2-open!/jdk.httpserver" type="simple" />
            <root url="jrt://D:/utils/sdkman/candidates/java/12.0.2-open!/jdk.internal.ed" type="simple" />
            <root url="jrt://D:/utils/sdkman/candidates/java/12.0.2-open!/jdk.internal.jvmstat" type="simple" />
            <root url="jrt://D:/utils/sdkman/candidates/java/12.0.2-open!/jdk.internal.le" type="simple" />
            <root url="jrt://D:/utils/sdkman/candidates/java/12.0.2-open!/jdk.internal.opt" type="simple" />
            <root url="jrt://D:/utils/sdkman/candidates/java/12.0.2-open!/jdk.internal.vm.ci" type="simple" />
            <root url="jrt://D:/utils/sdkman/candidates/java/12.0.2-open!/jdk.internal.vm.compiler" type="simple" />
            <root url="jrt://D:/utils/sdkman/candidates/java/12.0.2-open!/jdk.internal.vm.compiler.management" type="simple" />
            <root url="jrt://D:/utils/sdkman/candidates/java/12.0.2-open!/jdk.jartool" type="simple" />
            <root url="jrt://D:/utils/sdkman/candidates/java/12.0.2-open!/jdk.javadoc" type="simple" />
            <root url="jrt://D:/utils/sdkman/candidates/java/12.0.2-open!/jdk.jcmd" type="simple" />
            <root url="jrt://D:/utils/sdkman/candidates/java/12.0.2-open!/jdk.jconsole" type="simple" />
            <root url="jrt://D:/utils/sdkman/candidates/java/12.0.2-open!/jdk.jdeps" type="simple" />
            <root url="jrt://D:/utils/sdkman/candidates/java/12.0.2-open!/jdk.jdi" type="simple" />
            <root url="jrt://D:/utils/sdkman/candidates/java/12.0.2-open!/jdk.jdwp.agent" type="simple" />
            <root url="jrt://D:/utils/sdkman/candidates/java/12.0.2-open!/jdk.jfr" type="simple" />
            <root url="jrt://D:/utils/sdkman/candidates/java/12.0.2-open!/jdk.jlink" type="simple" />
            <root url="jrt://D:/utils/sdkman/candidates/java/12.0.2-open!/jdk.jshell" type="simple" />
            <root url="jrt://D:/utils/sdkman/candidates/java/12.0.2-open!/jdk.jsobject" type="simple" />
            <root url="jrt://D:/utils/sdkman/candidates/java/12.0.2-open!/jdk.jstatd" type="simple" />
            <root url="jrt://D:/utils/sdkman/candidates/java/12.0.2-open!/jdk.localedata" type="simple" />
            <root url="jrt://D:/utils/sdkman/candidates/java/12.0.2-open!/jdk.management" type="simple" />
            <root url="jrt://D:/utils/sdkman/candidates/java/12.0.2-open!/jdk.management.agent" type="simple" />
            <root url="jrt://D:/utils/sdkman/candidates/java/12.0.2-open!/jdk.management.jfr" type="simple" />
            <root url="jrt://D:/utils/sdkman/candidates/java/12.0.2-open!/jdk.naming.dns" type="simple" />
            <root url="jrt://D:/utils/sdkman/candidates/java/12.0.2-open!/jdk.naming.rmi" type="simple" />
            <root url="jrt://D:/utils/sdkman/candidates/java/12.0.2-open!/jdk.net" type="simple" />
            <root url="jrt://D:/utils/sdkman/candidates/java/12.0.2-open!/jdk.pack" type="simple" />
            <root url="jrt://D:/utils/sdkman/candidates/java/12.0.2-open!/jdk.rmic" type="simple" />
            <root url="jrt://D:/utils/sdkman/candidates/java/12.0.2-open!/jdk.scripting.nashorn" type="simple" />
            <root url="jrt://D:/utils/sdkman/candidates/java/12.0.2-open!/jdk.scripting.nashorn.shell" type="simple" />
            <root url="jrt://D:/utils/sdkman/candidates/java/12.0.2-open!/jdk.sctp" type="simple" />
            <root url="jrt://D:/utils/sdkman/candidates/java/12.0.2-open!/jdk.security.auth" type="simple" />
            <root url="jrt://D:/utils/sdkman/candidates/java/12.0.2-open!/jdk.security.jgss" type="simple" />
            <root url="jrt://D:/utils/sdkman/candidates/java/12.0.2-open!/jdk.unsupported" type="simple" />
            <root url="jrt://D:/utils/sdkman/candidates/java/12.0.2-open!/jdk.unsupported.desktop" type="simple" />
            <root url="jrt://D:/utils/sdkman/candidates/java/12.0.2-open!/jdk.xml.dom" type="simple" />
            <root url="jrt://D:/utils/sdkman/candidates/java/12.0.2-open!/jdk.zipfs" type="simple" />
          </root>
        </classPath>
        <javadocPath>
          <root type="composite" />
        </javadocPath>
        <sourcePath>
          <root type="composite">
            <root url="jar://D:/utils/sdkman/candidates/java/12.0.2-open/lib/src.zip!/java.se" type="simple" />
            <root url="jar://D:/utils/sdkman/candidates/java/12.0.2-open/lib/src.zip!/jdk.aot" type="simple" />
            <root url="jar://D:/utils/sdkman/candidates/java/12.0.2-open/lib/src.zip!/jdk.jdi" type="simple" />
            <root url="jar://D:/utils/sdkman/candidates/java/12.0.2-open/lib/src.zip!/jdk.jfr" type="simple" />
            <root url="jar://D:/utils/sdkman/candidates/java/12.0.2-open/lib/src.zip!/jdk.net" type="simple" />
            <root url="jar://D:/utils/sdkman/candidates/java/12.0.2-open/lib/src.zip!/java.rmi" type="simple" />
            <root url="jar://D:/utils/sdkman/candidates/java/12.0.2-open/lib/src.zip!/java.sql" type="simple" />
            <root url="jar://D:/utils/sdkman/candidates/java/12.0.2-open/lib/src.zip!/java.xml" type="simple" />
            <root url="jar://D:/utils/sdkman/candidates/java/12.0.2-open/lib/src.zip!/jdk.jcmd" type="simple" />
            <root url="jar://D:/utils/sdkman/candidates/java/12.0.2-open/lib/src.zip!/jdk.pack" type="simple" />
            <root url="jar://D:/utils/sdkman/candidates/java/12.0.2-open/lib/src.zip!/jdk.rmic" type="simple" />
            <root url="jar://D:/utils/sdkman/candidates/java/12.0.2-open/lib/src.zip!/jdk.sctp" type="simple" />
            <root url="jar://D:/utils/sdkman/candidates/java/12.0.2-open/lib/src.zip!/java.base" type="simple" />
            <root url="jar://D:/utils/sdkman/candidates/java/12.0.2-open/lib/src.zip!/jdk.jdeps" type="simple" />
            <root url="jar://D:/utils/sdkman/candidates/java/12.0.2-open/lib/src.zip!/jdk.jlink" type="simple" />
            <root url="jar://D:/utils/sdkman/candidates/java/12.0.2-open/lib/src.zip!/jdk.zipfs" type="simple" />
            <root url="jar://D:/utils/sdkman/candidates/java/12.0.2-open/lib/src.zip!/java.prefs" type="simple" />
            <root url="jar://D:/utils/sdkman/candidates/java/12.0.2-open/lib/src.zip!/jdk.attach" type="simple" />
            <root url="jar://D:/utils/sdkman/candidates/java/12.0.2-open/lib/src.zip!/jdk.jshell" type="simple" />
            <root url="jar://D:/utils/sdkman/candidates/java/12.0.2-open/lib/src.zip!/jdk.jstatd" type="simple" />
            <root url="jar://D:/utils/sdkman/candidates/java/12.0.2-open/lib/src.zip!/java.naming" type="simple" />
            <root url="jar://D:/utils/sdkman/candidates/java/12.0.2-open/lib/src.zip!/jdk.editpad" type="simple" />
            <root url="jar://D:/utils/sdkman/candidates/java/12.0.2-open/lib/src.zip!/jdk.jartool" type="simple" />
            <root url="jar://D:/utils/sdkman/candidates/java/12.0.2-open/lib/src.zip!/jdk.javadoc" type="simple" />
            <root url="jar://D:/utils/sdkman/candidates/java/12.0.2-open/lib/src.zip!/jdk.xml.dom" type="simple" />
            <root url="jar://D:/utils/sdkman/candidates/java/12.0.2-open/lib/src.zip!/java.desktop" type="simple" />
            <root url="jar://D:/utils/sdkman/candidates/java/12.0.2-open/lib/src.zip!/java.logging" type="simple" />
            <root url="jar://D:/utils/sdkman/candidates/java/12.0.2-open/lib/src.zip!/jdk.charsets" type="simple" />
            <root url="jar://D:/utils/sdkman/candidates/java/12.0.2-open/lib/src.zip!/jdk.compiler" type="simple" />
            <root url="jar://D:/utils/sdkman/candidates/java/12.0.2-open/lib/src.zip!/jdk.dynalink" type="simple" />
            <root url="jar://D:/utils/sdkman/candidates/java/12.0.2-open/lib/src.zip!/jdk.jconsole" type="simple" />
            <root url="jar://D:/utils/sdkman/candidates/java/12.0.2-open/lib/src.zip!/jdk.jsobject" type="simple" />
            <root url="jar://D:/utils/sdkman/candidates/java/12.0.2-open/lib/src.zip!/java.compiler" type="simple" />
            <root url="jar://D:/utils/sdkman/candidates/java/12.0.2-open/lib/src.zip!/java.net.http" type="simple" />
            <root url="jar://D:/utils/sdkman/candidates/java/12.0.2-open/lib/src.zip!/jdk.crypto.ec" type="simple" />
            <root url="jar://D:/utils/sdkman/candidates/java/12.0.2-open/lib/src.zip!/java.scripting" type="simple" />
            <root url="jar://D:/utils/sdkman/candidates/java/12.0.2-open/lib/src.zip!/jdk.httpserver" type="simple" />
            <root url="jar://D:/utils/sdkman/candidates/java/12.0.2-open/lib/src.zip!/jdk.jdwp.agent" type="simple" />
            <root url="jar://D:/utils/sdkman/candidates/java/12.0.2-open/lib/src.zip!/jdk.localedata" type="simple" />
            <root url="jar://D:/utils/sdkman/candidates/java/12.0.2-open/lib/src.zip!/jdk.management" type="simple" />
            <root url="jar://D:/utils/sdkman/candidates/java/12.0.2-open/lib/src.zip!/jdk.naming.dns" type="simple" />
            <root url="jar://D:/utils/sdkman/candidates/java/12.0.2-open/lib/src.zip!/jdk.naming.rmi" type="simple" />
            <root url="jar://D:/utils/sdkman/candidates/java/12.0.2-open/lib/src.zip!/java.instrument" type="simple" />
            <root url="jar://D:/utils/sdkman/candidates/java/12.0.2-open/lib/src.zip!/java.management" type="simple" />
            <root url="jar://D:/utils/sdkman/candidates/java/12.0.2-open/lib/src.zip!/java.sql.rowset" type="simple" />
            <root url="jar://D:/utils/sdkman/candidates/java/12.0.2-open/lib/src.zip!/java.xml.crypto" type="simple" />
            <root url="jar://D:/utils/sdkman/candidates/java/12.0.2-open/lib/src.zip!/jdk.internal.ed" type="simple" />
            <root url="jar://D:/utils/sdkman/candidates/java/12.0.2-open/lib/src.zip!/jdk.internal.le" type="simple" />
            <root url="jar://D:/utils/sdkman/candidates/java/12.0.2-open/lib/src.zip!/jdk.unsupported" type="simple" />
            <root url="jar://D:/utils/sdkman/candidates/java/12.0.2-open/lib/src.zip!/java.smartcardio" type="simple" />
            <root url="jar://D:/utils/sdkman/candidates/java/12.0.2-open/lib/src.zip!/jdk.internal.opt" type="simple" />
            <root url="jar://D:/utils/sdkman/candidates/java/12.0.2-open/lib/src.zip!/java.datatransfer" type="simple" />
            <root url="jar://D:/utils/sdkman/candidates/java/12.0.2-open/lib/src.zip!/jdk.accessibility" type="simple" />
            <root url="jar://D:/utils/sdkman/candidates/java/12.0.2-open/lib/src.zip!/jdk.crypto.mscapi" type="simple" />
            <root url="jar://D:/utils/sdkman/candidates/java/12.0.2-open/lib/src.zip!/jdk.hotspot.agent" type="simple" />
            <root url="jar://D:/utils/sdkman/candidates/java/12.0.2-open/lib/src.zip!/jdk.security.auth" type="simple" />
            <root url="jar://D:/utils/sdkman/candidates/java/12.0.2-open/lib/src.zip!/jdk.security.jgss" type="simple" />
            <root url="jar://D:/utils/sdkman/candidates/java/12.0.2-open/lib/src.zip!/java.security.jgss" type="simple" />
            <root url="jar://D:/utils/sdkman/candidates/java/12.0.2-open/lib/src.zip!/java.security.sasl" type="simple" />
            <root url="jar://D:/utils/sdkman/candidates/java/12.0.2-open/lib/src.zip!/jdk.internal.vm.ci" type="simple" />
            <root url="jar://D:/utils/sdkman/candidates/java/12.0.2-open/lib/src.zip!/jdk.management.jfr" type="simple" />
            <root url="jar://D:/utils/sdkman/candidates/java/12.0.2-open/lib/src.zip!/java.management.rmi" type="simple" />
            <root url="jar://D:/utils/sdkman/candidates/java/12.0.2-open/lib/src.zip!/java.transaction.xa" type="simple" />
            <root url="jar://D:/utils/sdkman/candidates/java/12.0.2-open/lib/src.zip!/jdk.crypto.cryptoki" type="simple" />
            <root url="jar://D:/utils/sdkman/candidates/java/12.0.2-open/lib/src.zip!/jdk.internal.jvmstat" type="simple" />
            <root url="jar://D:/utils/sdkman/candidates/java/12.0.2-open/lib/src.zip!/jdk.management.agent" type="simple" />
            <root url="jar://D:/utils/sdkman/candidates/java/12.0.2-open/lib/src.zip!/jdk.scripting.nashorn" type="simple" />
            <root url="jar://D:/utils/sdkman/candidates/java/12.0.2-open/lib/src.zip!/jdk.unsupported.desktop" type="simple" />
            <root url="jar://D:/utils/sdkman/candidates/java/12.0.2-open/lib/src.zip!/jdk.internal.vm.compiler" type="simple" />
            <root url="jar://D:/utils/sdkman/candidates/java/12.0.2-open/lib/src.zip!/jdk.scripting.nashorn.shell" type="simple" />
            <root url="jar://D:/utils/sdkman/candidates/java/12.0.2-open/lib/src.zip!/jdk.internal.vm.compiler.management" type="simple" />
          </root>
        </sourcePath>
      </roots>
    </jdk>
    <jdk version="2">
      <name value="windows sdkman temurin-21" />
      <type value="JavaSDK" />
      <version value="Eclipse Temurin 21.0.6" />
      <homePath value="D:/utils/sdkman/candidates/java/21.0.6-tem" />
      <roots>
        <annotationsPath>
          <root type="composite">
            <root url="jar://$APPLICATION_HOME_DIR$/plugins/java/lib/resources/jdkAnnotations.jar!/" type="simple" />
          </root>
        </annotationsPath>
        <classPath>
          <root type="composite">
            <root url="jrt://D:/utils/sdkman/candidates/java/21.0.6-tem!/java.base" type="simple" />
            <root url="jrt://D:/utils/sdkman/candidates/java/21.0.6-tem!/java.compiler" type="simple" />
            <root url="jrt://D:/utils/sdkman/candidates/java/21.0.6-tem!/java.datatransfer" type="simple" />
            <root url="jrt://D:/utils/sdkman/candidates/java/21.0.6-tem!/java.desktop" type="simple" />
            <root url="jrt://D:/utils/sdkman/candidates/java/21.0.6-tem!/java.instrument" type="simple" />
            <root url="jrt://D:/utils/sdkman/candidates/java/21.0.6-tem!/java.logging" type="simple" />
            <root url="jrt://D:/utils/sdkman/candidates/java/21.0.6-tem!/java.management" type="simple" />
            <root url="jrt://D:/utils/sdkman/candidates/java/21.0.6-tem!/java.management.rmi" type="simple" />
            <root url="jrt://D:/utils/sdkman/candidates/java/21.0.6-tem!/java.naming" type="simple" />
            <root url="jrt://D:/utils/sdkman/candidates/java/21.0.6-tem!/java.net.http" type="simple" />
            <root url="jrt://D:/utils/sdkman/candidates/java/21.0.6-tem!/java.prefs" type="simple" />
            <root url="jrt://D:/utils/sdkman/candidates/java/21.0.6-tem!/java.rmi" type="simple" />
            <root url="jrt://D:/utils/sdkman/candidates/java/21.0.6-tem!/java.scripting" type="simple" />
            <root url="jrt://D:/utils/sdkman/candidates/java/21.0.6-tem!/java.se" type="simple" />
            <root url="jrt://D:/utils/sdkman/candidates/java/21.0.6-tem!/java.security.jgss" type="simple" />
            <root url="jrt://D:/utils/sdkman/candidates/java/21.0.6-tem!/java.security.sasl" type="simple" />
            <root url="jrt://D:/utils/sdkman/candidates/java/21.0.6-tem!/java.smartcardio" type="simple" />
            <root url="jrt://D:/utils/sdkman/candidates/java/21.0.6-tem!/java.sql" type="simple" />
            <root url="jrt://D:/utils/sdkman/candidates/java/21.0.6-tem!/java.sql.rowset" type="simple" />
            <root url="jrt://D:/utils/sdkman/candidates/java/21.0.6-tem!/java.transaction.xa" type="simple" />
            <root url="jrt://D:/utils/sdkman/candidates/java/21.0.6-tem!/java.xml" type="simple" />
            <root url="jrt://D:/utils/sdkman/candidates/java/21.0.6-tem!/java.xml.crypto" type="simple" />
            <root url="jrt://D:/utils/sdkman/candidates/java/21.0.6-tem!/jdk.accessibility" type="simple" />
            <root url="jrt://D:/utils/sdkman/candidates/java/21.0.6-tem!/jdk.attach" type="simple" />
            <root url="jrt://D:/utils/sdkman/candidates/java/21.0.6-tem!/jdk.charsets" type="simple" />
            <root url="jrt://D:/utils/sdkman/candidates/java/21.0.6-tem!/jdk.compiler" type="simple" />
            <root url="jrt://D:/utils/sdkman/candidates/java/21.0.6-tem!/jdk.crypto.cryptoki" type="simple" />
            <root url="jrt://D:/utils/sdkman/candidates/java/21.0.6-tem!/jdk.crypto.ec" type="simple" />
            <root url="jrt://D:/utils/sdkman/candidates/java/21.0.6-tem!/jdk.crypto.mscapi" type="simple" />
            <root url="jrt://D:/utils/sdkman/candidates/java/21.0.6-tem!/jdk.dynalink" type="simple" />
            <root url="jrt://D:/utils/sdkman/candidates/java/21.0.6-tem!/jdk.editpad" type="simple" />
            <root url="jrt://D:/utils/sdkman/candidates/java/21.0.6-tem!/jdk.hotspot.agent" type="simple" />
            <root url="jrt://D:/utils/sdkman/candidates/java/21.0.6-tem!/jdk.httpserver" type="simple" />
            <root url="jrt://D:/utils/sdkman/candidates/java/21.0.6-tem!/jdk.incubator.vector" type="simple" />
            <root url="jrt://D:/utils/sdkman/candidates/java/21.0.6-tem!/jdk.internal.ed" type="simple" />
            <root url="jrt://D:/utils/sdkman/candidates/java/21.0.6-tem!/jdk.internal.jvmstat" type="simple" />
            <root url="jrt://D:/utils/sdkman/candidates/java/21.0.6-tem!/jdk.internal.le" type="simple" />
            <root url="jrt://D:/utils/sdkman/candidates/java/21.0.6-tem!/jdk.internal.opt" type="simple" />
            <root url="jrt://D:/utils/sdkman/candidates/java/21.0.6-tem!/jdk.internal.vm.ci" type="simple" />
            <root url="jrt://D:/utils/sdkman/candidates/java/21.0.6-tem!/jdk.internal.vm.compiler" type="simple" />
            <root url="jrt://D:/utils/sdkman/candidates/java/21.0.6-tem!/jdk.internal.vm.compiler.management" type="simple" />
            <root url="jrt://D:/utils/sdkman/candidates/java/21.0.6-tem!/jdk.jartool" type="simple" />
            <root url="jrt://D:/utils/sdkman/candidates/java/21.0.6-tem!/jdk.javadoc" type="simple" />
            <root url="jrt://D:/utils/sdkman/candidates/java/21.0.6-tem!/jdk.jcmd" type="simple" />
            <root url="jrt://D:/utils/sdkman/candidates/java/21.0.6-tem!/jdk.jconsole" type="simple" />
            <root url="jrt://D:/utils/sdkman/candidates/java/21.0.6-tem!/jdk.jdeps" type="simple" />
            <root url="jrt://D:/utils/sdkman/candidates/java/21.0.6-tem!/jdk.jdi" type="simple" />
            <root url="jrt://D:/utils/sdkman/candidates/java/21.0.6-tem!/jdk.jdwp.agent" type="simple" />
            <root url="jrt://D:/utils/sdkman/candidates/java/21.0.6-tem!/jdk.jfr" type="simple" />
            <root url="jrt://D:/utils/sdkman/candidates/java/21.0.6-tem!/jdk.jlink" type="simple" />
            <root url="jrt://D:/utils/sdkman/candidates/java/21.0.6-tem!/jdk.jpackage" type="simple" />
            <root url="jrt://D:/utils/sdkman/candidates/java/21.0.6-tem!/jdk.jshell" type="simple" />
            <root url="jrt://D:/utils/sdkman/candidates/java/21.0.6-tem!/jdk.jsobject" type="simple" />
            <root url="jrt://D:/utils/sdkman/candidates/java/21.0.6-tem!/jdk.jstatd" type="simple" />
            <root url="jrt://D:/utils/sdkman/candidates/java/21.0.6-tem!/jdk.localedata" type="simple" />
            <root url="jrt://D:/utils/sdkman/candidates/java/21.0.6-tem!/jdk.management" type="simple" />
            <root url="jrt://D:/utils/sdkman/candidates/java/21.0.6-tem!/jdk.management.agent" type="simple" />
            <root url="jrt://D:/utils/sdkman/candidates/java/21.0.6-tem!/jdk.management.jfr" type="simple" />
            <root url="jrt://D:/utils/sdkman/candidates/java/21.0.6-tem!/jdk.naming.dns" type="simple" />
            <root url="jrt://D:/utils/sdkman/candidates/java/21.0.6-tem!/jdk.naming.rmi" type="simple" />
            <root url="jrt://D:/utils/sdkman/candidates/java/21.0.6-tem!/jdk.net" type="simple" />
            <root url="jrt://D:/utils/sdkman/candidates/java/21.0.6-tem!/jdk.nio.mapmode" type="simple" />
            <root url="jrt://D:/utils/sdkman/candidates/java/21.0.6-tem!/jdk.random" type="simple" />
            <root url="jrt://D:/utils/sdkman/candidates/java/21.0.6-tem!/jdk.sctp" type="simple" />
            <root url="jrt://D:/utils/sdkman/candidates/java/21.0.6-tem!/jdk.security.auth" type="simple" />
            <root url="jrt://D:/utils/sdkman/candidates/java/21.0.6-tem!/jdk.security.jgss" type="simple" />
            <root url="jrt://D:/utils/sdkman/candidates/java/21.0.6-tem!/jdk.unsupported" type="simple" />
            <root url="jrt://D:/utils/sdkman/candidates/java/21.0.6-tem!/jdk.unsupported.desktop" type="simple" />
            <root url="jrt://D:/utils/sdkman/candidates/java/21.0.6-tem!/jdk.xml.dom" type="simple" />
            <root url="jrt://D:/utils/sdkman/candidates/java/21.0.6-tem!/jdk.zipfs" type="simple" />
          </root>
        </classPath>
        <javadocPath>
          <root type="composite" />
        </javadocPath>
        <sourcePath>
          <root type="composite">
            <root url="jar://D:/utils/sdkman/candidates/java/21.0.6-tem/lib/src.zip!/java.se" type="simple" />
            <root url="jar://D:/utils/sdkman/candidates/java/21.0.6-tem/lib/src.zip!/jdk.jdi" type="simple" />
            <root url="jar://D:/utils/sdkman/candidates/java/21.0.6-tem/lib/src.zip!/jdk.jfr" type="simple" />
            <root url="jar://D:/utils/sdkman/candidates/java/21.0.6-tem/lib/src.zip!/jdk.net" type="simple" />
            <root url="jar://D:/utils/sdkman/candidates/java/21.0.6-tem/lib/src.zip!/java.rmi" type="simple" />
            <root url="jar://D:/utils/sdkman/candidates/java/21.0.6-tem/lib/src.zip!/java.sql" type="simple" />
            <root url="jar://D:/utils/sdkman/candidates/java/21.0.6-tem/lib/src.zip!/java.xml" type="simple" />
            <root url="jar://D:/utils/sdkman/candidates/java/21.0.6-tem/lib/src.zip!/jdk.jcmd" type="simple" />
            <root url="jar://D:/utils/sdkman/candidates/java/21.0.6-tem/lib/src.zip!/jdk.sctp" type="simple" />
            <root url="jar://D:/utils/sdkman/candidates/java/21.0.6-tem/lib/src.zip!/java.base" type="simple" />
            <root url="jar://D:/utils/sdkman/candidates/java/21.0.6-tem/lib/src.zip!/jdk.jdeps" type="simple" />
            <root url="jar://D:/utils/sdkman/candidates/java/21.0.6-tem/lib/src.zip!/jdk.jlink" type="simple" />
            <root url="jar://D:/utils/sdkman/candidates/java/21.0.6-tem/lib/src.zip!/jdk.zipfs" type="simple" />
            <root url="jar://D:/utils/sdkman/candidates/java/21.0.6-tem/lib/src.zip!/java.prefs" type="simple" />
            <root url="jar://D:/utils/sdkman/candidates/java/21.0.6-tem/lib/src.zip!/jdk.attach" type="simple" />
            <root url="jar://D:/utils/sdkman/candidates/java/21.0.6-tem/lib/src.zip!/jdk.jshell" type="simple" />
            <root url="jar://D:/utils/sdkman/candidates/java/21.0.6-tem/lib/src.zip!/jdk.jstatd" type="simple" />
            <root url="jar://D:/utils/sdkman/candidates/java/21.0.6-tem/lib/src.zip!/jdk.random" type="simple" />
            <root url="jar://D:/utils/sdkman/candidates/java/21.0.6-tem/lib/src.zip!/java.naming" type="simple" />
            <root url="jar://D:/utils/sdkman/candidates/java/21.0.6-tem/lib/src.zip!/jdk.editpad" type="simple" />
            <root url="jar://D:/utils/sdkman/candidates/java/21.0.6-tem/lib/src.zip!/jdk.jartool" type="simple" />
            <root url="jar://D:/utils/sdkman/candidates/java/21.0.6-tem/lib/src.zip!/jdk.javadoc" type="simple" />
            <root url="jar://D:/utils/sdkman/candidates/java/21.0.6-tem/lib/src.zip!/jdk.xml.dom" type="simple" />
            <root url="jar://D:/utils/sdkman/candidates/java/21.0.6-tem/lib/src.zip!/java.desktop" type="simple" />
            <root url="jar://D:/utils/sdkman/candidates/java/21.0.6-tem/lib/src.zip!/java.logging" type="simple" />
            <root url="jar://D:/utils/sdkman/candidates/java/21.0.6-tem/lib/src.zip!/jdk.charsets" type="simple" />
            <root url="jar://D:/utils/sdkman/candidates/java/21.0.6-tem/lib/src.zip!/jdk.compiler" type="simple" />
            <root url="jar://D:/utils/sdkman/candidates/java/21.0.6-tem/lib/src.zip!/jdk.dynalink" type="simple" />
            <root url="jar://D:/utils/sdkman/candidates/java/21.0.6-tem/lib/src.zip!/jdk.jconsole" type="simple" />
            <root url="jar://D:/utils/sdkman/candidates/java/21.0.6-tem/lib/src.zip!/jdk.jpackage" type="simple" />
            <root url="jar://D:/utils/sdkman/candidates/java/21.0.6-tem/lib/src.zip!/jdk.jsobject" type="simple" />
            <root url="jar://D:/utils/sdkman/candidates/java/21.0.6-tem/lib/src.zip!/java.compiler" type="simple" />
            <root url="jar://D:/utils/sdkman/candidates/java/21.0.6-tem/lib/src.zip!/java.net.http" type="simple" />
            <root url="jar://D:/utils/sdkman/candidates/java/21.0.6-tem/lib/src.zip!/jdk.crypto.ec" type="simple" />
            <root url="jar://D:/utils/sdkman/candidates/java/21.0.6-tem/lib/src.zip!/java.scripting" type="simple" />
            <root url="jar://D:/utils/sdkman/candidates/java/21.0.6-tem/lib/src.zip!/jdk.httpserver" type="simple" />
            <root url="jar://D:/utils/sdkman/candidates/java/21.0.6-tem/lib/src.zip!/jdk.jdwp.agent" type="simple" />
            <root url="jar://D:/utils/sdkman/candidates/java/21.0.6-tem/lib/src.zip!/jdk.localedata" type="simple" />
            <root url="jar://D:/utils/sdkman/candidates/java/21.0.6-tem/lib/src.zip!/jdk.management" type="simple" />
            <root url="jar://D:/utils/sdkman/candidates/java/21.0.6-tem/lib/src.zip!/jdk.naming.dns" type="simple" />
            <root url="jar://D:/utils/sdkman/candidates/java/21.0.6-tem/lib/src.zip!/jdk.naming.rmi" type="simple" />
            <root url="jar://D:/utils/sdkman/candidates/java/21.0.6-tem/lib/src.zip!/java.instrument" type="simple" />
            <root url="jar://D:/utils/sdkman/candidates/java/21.0.6-tem/lib/src.zip!/java.management" type="simple" />
            <root url="jar://D:/utils/sdkman/candidates/java/21.0.6-tem/lib/src.zip!/java.sql.rowset" type="simple" />
            <root url="jar://D:/utils/sdkman/candidates/java/21.0.6-tem/lib/src.zip!/java.xml.crypto" type="simple" />
            <root url="jar://D:/utils/sdkman/candidates/java/21.0.6-tem/lib/src.zip!/jdk.internal.ed" type="simple" />
            <root url="jar://D:/utils/sdkman/candidates/java/21.0.6-tem/lib/src.zip!/jdk.internal.le" type="simple" />
            <root url="jar://D:/utils/sdkman/candidates/java/21.0.6-tem/lib/src.zip!/jdk.nio.mapmode" type="simple" />
            <root url="jar://D:/utils/sdkman/candidates/java/21.0.6-tem/lib/src.zip!/jdk.unsupported" type="simple" />
            <root url="jar://D:/utils/sdkman/candidates/java/21.0.6-tem/lib/src.zip!/java.smartcardio" type="simple" />
            <root url="jar://D:/utils/sdkman/candidates/java/21.0.6-tem/lib/src.zip!/jdk.internal.opt" type="simple" />
            <root url="jar://D:/utils/sdkman/candidates/java/21.0.6-tem/lib/src.zip!/java.datatransfer" type="simple" />
            <root url="jar://D:/utils/sdkman/candidates/java/21.0.6-tem/lib/src.zip!/jdk.accessibility" type="simple" />
            <root url="jar://D:/utils/sdkman/candidates/java/21.0.6-tem/lib/src.zip!/jdk.crypto.mscapi" type="simple" />
            <root url="jar://D:/utils/sdkman/candidates/java/21.0.6-tem/lib/src.zip!/jdk.hotspot.agent" type="simple" />
            <root url="jar://D:/utils/sdkman/candidates/java/21.0.6-tem/lib/src.zip!/jdk.security.auth" type="simple" />
            <root url="jar://D:/utils/sdkman/candidates/java/21.0.6-tem/lib/src.zip!/jdk.security.jgss" type="simple" />
            <root url="jar://D:/utils/sdkman/candidates/java/21.0.6-tem/lib/src.zip!/java.security.jgss" type="simple" />
            <root url="jar://D:/utils/sdkman/candidates/java/21.0.6-tem/lib/src.zip!/java.security.sasl" type="simple" />
            <root url="jar://D:/utils/sdkman/candidates/java/21.0.6-tem/lib/src.zip!/jdk.internal.vm.ci" type="simple" />
            <root url="jar://D:/utils/sdkman/candidates/java/21.0.6-tem/lib/src.zip!/jdk.management.jfr" type="simple" />
            <root url="jar://D:/utils/sdkman/candidates/java/21.0.6-tem/lib/src.zip!/java.management.rmi" type="simple" />
            <root url="jar://D:/utils/sdkman/candidates/java/21.0.6-tem/lib/src.zip!/java.transaction.xa" type="simple" />
            <root url="jar://D:/utils/sdkman/candidates/java/21.0.6-tem/lib/src.zip!/jdk.crypto.cryptoki" type="simple" />
            <root url="jar://D:/utils/sdkman/candidates/java/21.0.6-tem/lib/src.zip!/jdk.incubator.vector" type="simple" />
            <root url="jar://D:/utils/sdkman/candidates/java/21.0.6-tem/lib/src.zip!/jdk.internal.jvmstat" type="simple" />
            <root url="jar://D:/utils/sdkman/candidates/java/21.0.6-tem/lib/src.zip!/jdk.management.agent" type="simple" />
            <root url="jar://D:/utils/sdkman/candidates/java/21.0.6-tem/lib/src.zip!/jdk.unsupported.desktop" type="simple" />
            <root url="jar://D:/utils/sdkman/candidates/java/21.0.6-tem/lib/src.zip!/jdk.internal.vm.compiler" type="simple" />
            <root url="jar://D:/utils/sdkman/candidates/java/21.0.6-tem/lib/src.zip!/jdk.internal.vm.compiler.management" type="simple" />
          </root>
        </sourcePath>
      </roots>
    </jdk>
  </component>
</application>