<application>
  <component name="ProjectManager">
    <defaultProject>
      <component name="PropertiesComponent">{
  &quot;keyToString&quot;: {
    &quot;settings.editor.selected.configurable&quot;: &quot;reference.settingsdialog.project.gradle&quot;
  }
}</component>
      <component name="VcsDirectoryMappings" defaultProject="true" />
      <component name="WindowStateProjectService">
        <state x="2384" y="108" width="992" height="732" key="SettingsEditor" timestamp="1744815614443">
          <screen x="1920" y="0" width="1920" height="1080" />
        </state>
        <state x="2384" y="108" width="992" height="732" key="SettingsEditor/1920.0.1920.1080/0.0.1920.1080" timestamp="1744815614443" />
        <state x="2480" y="136" width="800" height="678" key="new project wizard" timestamp="1747558294818">
          <screen x="1920" y="0" width="1920" height="1080" />
        </state>
        <state x="2480" y="136" width="800" height="678" key="new project wizard/1920.0.1920.1080/0.0.1920.1080" timestamp="1747558294818" />
      </component>
      <component name="masterDetails">
        <states>
          <state key="ProjectJDKs.UI">
            <settings>
              <last-edited>12</last-edited>
              <splitter-proportions>
                <option name="proportions">
                  <list>
                    <option value="0.2" />
                  </list>
                </option>
              </splitter-proportions>
            </settings>
          </state>
        </states>
      </component>
    </defaultProject>
  </component>
</application>