<keymap version="1" name="Visual Studio my" parent="Visual Studio">
  <action id="Adtui.ZoomInAction">
    <keyboard-shortcut first-keystroke="ctrl equals" />
  </action>
  <action id="Adtui.ZoomOutAction">
    <keyboard-shortcut first-keystroke="ctrl minus" />
  </action>
  <action id="Arrangement.Alias.Rule.Match.Condition.Move.Down" />
  <action id="Arrangement.Rule.Edit" />
  <action id="Arrangement.Rule.Group.Condition.Move.Down" />
  <action id="Arrangement.Rule.Group.Condition.Move.Up" />
  <action id="Arrangement.Rule.Match.Condition.Move.Down" />
  <action id="Arrangement.Rule.Match.Condition.Move.Up" />
  <action id="Back">
    <mouse-shortcut keystroke="button4" />
    <keyboard-shortcut first-keystroke="alt left" />
  </action>
  <action id="ChooseDebugConfiguration">
    <keyboard-shortcut first-keystroke="f5" />
  </action>
  <action id="CloseContent">
    <keyboard-shortcut first-keystroke="ctrl f4" />
    <keyboard-shortcut first-keystroke="ctrl w" />
  </action>
  <action id="CollapseAll">
    <keyboard-shortcut first-keystroke="ctrl minus" />
  </action>
  <action id="CollapseAllRegions">
    <keyboard-shortcut first-keystroke="shift ctrl subtract" />
  </action>
  <action id="CollapseExpandableComponent">
    <keyboard-shortcut first-keystroke="shift enter" />
    <keyboard-shortcut first-keystroke="ctrl minus" />
  </action>
  <action id="CollapseRegion">
    <keyboard-shortcut first-keystroke="ctrl subtract" />
  </action>
  <action id="CollapseSelection" />
  <action id="CommentByLineComment">
    <keyboard-shortcut first-keystroke="ctrl alt slash" />
    <keyboard-shortcut first-keystroke="ctrl alt divide" />
    <keyboard-shortcut first-keystroke="ctrl k" second-keystroke="c" />
    <keyboard-shortcut first-keystroke="ctrl k" second-keystroke="ctrl c" />
    <keyboard-shortcut first-keystroke="ctrl k" second-keystroke="ctrl slash" />
    <keyboard-shortcut first-keystroke="ctrl k" second-keystroke="ctrl u" />
    <keyboard-shortcut first-keystroke="ctrl slash" />
  </action>
  <action id="Console.TableResult.CompareCells" />
  <action id="Console.TableResult.EditValue">
    <keyboard-shortcut first-keystroke="enter" />
    <keyboard-shortcut first-keystroke="alt enter" />
  </action>
  <action id="DSM.ZoomIn">
    <keyboard-shortcut first-keystroke="ctrl equals" />
  </action>
  <action id="Debugger.EditArrayFilter" />
  <action id="Debugger.EditCustomField" />
  <action id="Diff.ShowSettingsPopup" />
  <action id="EditSource" />
  <action id="EditorDeleteLine">
    <keyboard-shortcut first-keystroke="shift ctrl d" />
  </action>
  <action id="EditorMoveToPageBottom" />
  <action id="EditorMoveToPageTop" />
  <action id="EditorScrollToCenter" />
  <action id="EditorSelectWord">
    <keyboard-shortcut first-keystroke="shift ctrl w" />
  </action>
  <action id="EditorUnSelectWord">
    <keyboard-shortcut first-keystroke="shift alt minus" />
    <keyboard-shortcut first-keystroke="ctrl alt left" />
  </action>
  <action id="ExpandAll">
    <keyboard-shortcut first-keystroke="ctrl equals" />
  </action>
  <action id="ExpandAllRegions">
    <keyboard-shortcut first-keystroke="shift ctrl add" />
  </action>
  <action id="ExpandExpandableComponent">
    <keyboard-shortcut first-keystroke="shift enter" />
    <keyboard-shortcut first-keystroke="ctrl equals" />
  </action>
  <action id="ExpandRegion">
    <keyboard-shortcut first-keystroke="ctrl add" />
  </action>
  <action id="ExternalSystem.CollapseAll">
    <keyboard-shortcut first-keystroke="ctrl minus" />
  </action>
  <action id="ExternalSystem.ExpandAll">
    <keyboard-shortcut first-keystroke="ctrl equals" />
  </action>
  <action id="ExternalSystem.OpenConfig" />
  <action id="Forward">
    <mouse-shortcut keystroke="button5" />
    <keyboard-shortcut first-keystroke="alt right" />
  </action>
  <action id="GotoClass">
    <keyboard-shortcut first-keystroke="shift ctrl t" />
  </action>
  <action id="GotoFile">
    <keyboard-shortcut first-keystroke="shift ctrl r" />
  </action>
  <action id="GotoNextError">
    <keyboard-shortcut first-keystroke="f2" />
  </action>
  <action id="GotoPreviousError">
    <keyboard-shortcut first-keystroke="shift f2" />
  </action>
  <action id="Graph.ActualSize">
    <keyboard-shortcut first-keystroke="ctrl divide" />
  </action>
  <action id="Graph.RouteEdges" />
  <action id="GuiDesigner.EditComponent" />
  <action id="GuiDesigner.EditGroup" />
  <action id="GuiDesigner.ShrinkSelection">
    <keyboard-shortcut first-keystroke="shift alt minus" />
    <keyboard-shortcut first-keystroke="ctrl alt left" />
  </action>
  <action id="HideAllWindows">
    <keyboard-shortcut first-keystroke="ctrl m" />
  </action>
  <action id="Images.Editor.ActualSize">
    <keyboard-shortcut first-keystroke="ctrl divide" />
  </action>
  <action id="Images.Editor.ZoomIn">
    <keyboard-shortcut first-keystroke="ctrl equals" />
  </action>
  <action id="Images.Editor.ZoomOut">
    <keyboard-shortcut first-keystroke="ctrl minus" />
  </action>
  <action id="IntroduceConstant">
    <keyboard-shortcut first-keystroke="ctrl r" second-keystroke="c" />
    <keyboard-shortcut first-keystroke="ctrl r" second-keystroke="ctrl c" />
  </action>
  <action id="Jdbc.OpenEditor.Data" />
  <action id="Maven.CollapseAll">
    <keyboard-shortcut first-keystroke="ctrl minus" />
  </action>
  <action id="Maven.ExpandAll">
    <keyboard-shortcut first-keystroke="ctrl equals" />
  </action>
  <action id="MethodDown" />
  <action id="MethodUp" />
  <action id="MoveLineDown">
    <keyboard-shortcut first-keystroke="alt down" />
  </action>
  <action id="MoveLineUp">
    <keyboard-shortcut first-keystroke="alt up" />
  </action>
  <action id="NavBar-navigate" />
  <action id="NextDiff">
    <keyboard-shortcut first-keystroke="f7" />
  </action>
  <action id="NextOccurence">
    <keyboard-shortcut first-keystroke="ctrl alt down" />
  </action>
  <action id="NextTab">
    <keyboard-shortcut first-keystroke="ctrl page_down" />
  </action>
  <action id="OpenModuleSettings" />
  <action id="PreviousTab">
    <keyboard-shortcut first-keystroke="ctrl page_up" />
  </action>
  <action id="ProjectViewEditSource" />
  <action id="QuickJavaDoc">
    <keyboard-shortcut first-keystroke="ctrl q" />
  </action>
  <action id="Refactorings.QuickListPopupAction" />
  <action id="ReformatCode">
    <keyboard-shortcut first-keystroke="ctrl alt enter" />
    <keyboard-shortcut first-keystroke="ctrl k" second-keystroke="f" />
    <keyboard-shortcut first-keystroke="ctrl k" second-keystroke="ctrl f" />
    <keyboard-shortcut first-keystroke="ctrl k" second-keystroke="d" />
    <keyboard-shortcut first-keystroke="ctrl k" second-keystroke="ctrl d" />
    <keyboard-shortcut first-keystroke="alt f8" />
  </action>
  <action id="RemoteHostView.EditSource" />
  <action id="RenameElement">
    <keyboard-shortcut first-keystroke="ctrl r" second-keystroke="r" />
    <keyboard-shortcut first-keystroke="ctrl r" second-keystroke="ctrl r" />
    <keyboard-shortcut first-keystroke="shift f6" />
  </action>
  <action id="ResourceExplorer.show" />
  <action id="Resume">
    <keyboard-shortcut first-keystroke="f8" />
  </action>
  <action id="Scala.ShowImplicits">
    <keyboard-shortcut first-keystroke="shift ctrl alt equals" />
    <keyboard-shortcut first-keystroke="shift ctrl alt add" />
  </action>
  <action id="ShowContent" />
  <action id="ShowSearchHistory" />
  <action id="SmartSearchAction">
    <keyboard-shortcut first-keystroke="ctrl h" />
  </action>
  <action id="SmartUnSelect">
    <keyboard-shortcut first-keystroke="shift alt minus" />
    <keyboard-shortcut first-keystroke="ctrl alt left" />
  </action>
  <action id="SplitVertically">
    <keyboard-shortcut first-keystroke="ctrl alt right" />
  </action>
  <action id="Sql.EditParameter" />
  <action id="TableResult.ShrinkSelection">
    <keyboard-shortcut first-keystroke="shift alt minus" />
    <keyboard-shortcut first-keystroke="ctrl alt left" />
  </action>
  <action id="Terminal.SearchInCommandHistory" />
  <action id="TypeHierarchy">
    <keyboard-shortcut first-keystroke="ctrl e" second-keystroke="h" />
    <keyboard-shortcut first-keystroke="ctrl e" second-keystroke="ctrl h" />
    <keyboard-shortcut first-keystroke="f4" />
  </action>
  <action id="Uml.ShowDiff" />
  <action id="UsageFiltering.ReadAccess" />
  <action id="UsageView.ShowRecentFindUsages" />
  <action id="Vcs.ShowMessageHistory" />
  <action id="XDebugger.EditWatch" />
  <action id="XDebugger.SetValue" />
</keymap>