<application>
  <component name="Trusted.Paths">
    <option name="TRUSTED_PROJECT_PATHS">
      <map>
        <entry key="$USER_HOME$/temp/FirstJavaProject" value="true" />
        <entry key="$USER_HOME$/temp/Tomcat_docker_debug" value="true" />
        <entry key="$USER_HOME$/temp/gradleProj1" value="true" />
        <entry key="$USER_HOME$/temp/gradleProj1/gradleProj1" value="true" />
        <entry key="$USER_HOME$/work/_dmdev/javaL2/lesson01" value="true" />
        <entry key="$USER_HOME$/work/_java/jdbc-dmdev" value="true" />
        <entry key="$USER_HOME$/work/_java/junit5/lesson003" value="true" />
        <entry key="$USER_HOME$/work/_java/junit5/lesson004" value="true" />
        <entry key="$USER_HOME$/work/_java/junit5/lesson005" value="true" />
        <entry key="$USER_HOME$/work/_java/junit5/lesson006" value="true" />
        <entry key="$USER_HOME$/work/_java/junit5/lesson007" value="true" />
        <entry key="$USER_HOME$/work/_java/junit5/lesson008" value="true" />
        <entry key="$USER_HOME$/work/_java/junit5/lesson009" value="true" />
        <entry key="$USER_HOME$/work/_java/junit5/lesson010" value="true" />
        <entry key="$USER_HOME$/work/_java/junit5/lesson011" value="true" />
        <entry key="$USER_HOME$/work/_java/junit5/lesson012" value="true" />
        <entry key="$USER_HOME$/work/_java/junit5/lesson013" value="true" />
        <entry key="$USER_HOME$/work/_java/junit5/lesson014" value="true" />
        <entry key="$USER_HOME$/work/_java/junit5/lesson015" value="true" />
        <entry key="$USER_HOME$/work/_sync/_tutorials/_spring/spring-boot-ecommerce-professional-masterclass/03-13Challenge" value="true" />
        <entry key="$USER_HOME$/work/_sync/_tutorials/_spring/spring-boot-ecommerce-professional-masterclass/03-14Autowiring" value="true" />
        <entry key="$USER_HOME$/work/_sync/_tutorials/_spring/spring-boot-ecommerce-professional-masterclass/03-16AutowiringByType" value="true" />
        <entry key="$USER_HOME$/work/_sync/_tutorials/_spring/spring-boot-ecommerce-professional-masterclass/03-17AutowiringByCtor" value="true" />
        <entry key="$USER_HOME$/work/_sync/_tutorials/_spring/spring-boot-ecommerce-professional-masterclass/04-03ComponentScan" value="true" />
        <entry key="$USER_HOME$/work/_sync/_tutorials/_spring/spring-boot-ecommerce-professional-masterclass/04-05JavaContext" value="true" />
        <entry key="$USER_HOME$/work/_sync/_tutorials/_spring/spring-boot-ecommerce-professional-masterclass/05-05FirstSpring" value="true" />
        <entry key="$USER_HOME$/work/_sync/_tutorials/_spring/spring-boot-ecommerce-professional-masterclass/06-01sb-ecom" value="true" />
        <entry key="$USER_HOME$/work/_sync/_tutorials/_spring/spring-boot-ecommerce-professional-masterclass/SpringExample" value="true" />
        <entry key="$USER_HOME$/work/gradle-src" value="true" />
        <entry key="$USER_HOME$/work/gradle-src/src" value="true" />
        <entry key="$USER_HOME$/work/gradle/gradle-2021/lesson08-003" value="true" />
        <entry key="$USER_HOME$/work/gradle/gradle-2021/lesson09-001" value="true" />
        <entry key="$USER_HOME$/work/gradle/gradle-2021/lesson09-002" value="true" />
        <entry key="$USER_HOME$/work/gradle/gradle-2021/lesson09-003" value="true" />
        <entry key="$USER_HOME$/work/gradle/sources" value="true" />
        <entry key="$USER_HOME$/work/java_level1" value="true" />
        <entry key="/media/tim/ext1/work/_sync/_tutorials/_gradle/gradle-2021/lesson03-002" value="true" />
        <entry key="/media/tim/ext1/work/_sync/_tutorials/_gradle/gradle-2021/lesson04-001" value="true" />
        <entry key="/media/tim/ext1/work/_sync/_tutorials/_gradle/gradle-2021/lesson05-001" value="true" />
        <entry key="/media/tim/ext1/work/_sync/_tutorials/_gradle/gradle-2021/lesson05-002" value="true" />
        <entry key="/media/tim/ext1/work/_sync/_tutorials/_gradle/gradle-2021/lesson05-003" value="true" />
        <entry key="/media/tim/ext1/work/_sync/_tutorials/_gradle/gradle-2021/lesson05-004" value="true" />
        <entry key="/media/tim/ext1/work/_sync/_tutorials/_gradle/gradle-2021/lesson06-001" value="true" />
        <entry key="/media/tim/ext1/work/_sync/_tutorials/_gradle/gradle-2021/lesson06-002" value="true" />
        <entry key="/media/tim/ext1/work/_sync/_tutorials/_gradle/gradle-2021/lesson06-003" value="true" />
        <entry key="/media/tim/ext1/work/_sync/_tutorials/_groovy/groovy-2022" value="true" />
        <entry key="/media/tim/ext1/work/_sync/_tutorials/_groovy/groovy-2023" value="true" />
        <entry key="/mnt/d/work/_sync/_dmdev/javaL2/lesson01" value="true" />
        <entry key="/mnt/d/work/_sync/_tutorials/_java/jdbc-dmdev" value="true" />
        <entry key="/mnt/d/work/_sync/_tutorials/_spring/spring-boot-ecommerce-professional-masterclass/06-01sb-ecom" value="true" />
        <entry key="D:\temp\activemq-artemis" value="false" />
        <entry key="D:\temp\demo" value="true" />
        <entry key="D:\temp\gradle-deps\app" value="true" />
        <entry key="D:\temp\gradle-deps\lib" value="true" />
        <entry key="D:\temp\spring_keycloak\spring-boot-keycloak" value="true" />
        <entry key="D:\temp\spring_keycloak\spring-oauth2" value="true" />
        <entry key="D:\temp\spring_keycloak\tutorials" value="true" />
        <entry key="D:\temp\www1" value="true" />
        <entry key="D:\work\_git\configs" value="true" />
        <entry key="D:\work\_sync\_playground\java\jasperreports" value="true" />
        <entry key="D:\work\_sync\_playground\java\jasperreports-utf8" value="true" />
        <entry key="D:\work\_sync\_playground\java\testground" value="true" />
        <entry key="D:\work\_sync\_playground\mybatis-testground" value="true" />
        <entry key="D:\work\_sync\_playground\wildfly-playground" value="true" />
        <entry key="D:\work\_sync\_tutorials\_oauth\spring-keycloak1\spring-boot-keycloak" value="true" />
        <entry key="D:\work\_sync\_tutorials\_spring\spring_keycloak\alibou-keycloak" value="true" />
        <entry key="D:\work\_sync\_tutorials\_spring\spring_keycloak\spring-boot-keycloak" value="true" />
        <entry key="D:\work\_sync\_tutorials\_spring\spring_keycloak\spring-keycloak-my" value="true" />
        <entry key="D:\work\_tutorials\_java\SpringBootWebSockets" value="true" />
        <entry key="D:\work\_tutorials\_java\chat-app" value="true" />
        <entry key="D:\work\_tutorials\_java\chat-app\back" value="true" />
        <entry key="D:\work\_tutorials\_spring\SpringBootWebSockets" value="true" />
        <entry key="D:\work\_tutorials\_spring\SpringBootWebSockets\SpringBootWebSockets" value="true" />
        <entry key="D:\work\_tutorials\_spring\chat" value="true" />
        <entry key="D:\work\_tutorials\_spring\spring-alishev\02-02\spring-mvc-app1" value="true" />
        <entry key="D:\work\_tutorials\_spring\spring-alishev\02-03\spring-mvc-app1" value="true" />
        <entry key="D:\work\_tutorials\_spring\spring-alishev\02-04\spring-mvc-app1" value="true" />
        <entry key="D:\work\_tutorials\_spring\spring-alishev\02-05\spring-mvc-app1" value="true" />
        <entry key="D:\work\_tutorials\_spring\spring-alishev\02-06\spring-mvc-app1" value="true" />
        <entry key="D:\work\_tutorials\_spring\spring-alishev\02-08\spring-mvc-app1" value="true" />
        <entry key="D:\work\_tutorials\_spring\spring-alishev\spring-mvc-app1" value="true" />
        <entry key="D:\work\_tutorials\_spring\vaadin-chat" value="true" />
        <entry key="D:\work\java\gradle-jasperreports" value="true" />
        <entry key="D:\work\java\testground" value="true" />
        <entry key="D:\work\spring-alishev\01-02" value="true" />
        <entry key="D:\work\spring-alishev\02-07" value="true" />
        <entry key="D:\work\spring-alishev\02-08" value="true" />
        <entry key="D:\work\sync\_tutorials\_spring\spring-oauth2" value="true" />
        <entry key="I:\work\_sync\_playground\_javafx\fx-test\fx-test" value="true" />
        <entry key="I:\work\_sync\_playground\_javafx\fx1" value="true" />
        <entry key="I:\work\_sync\_playground\java\testground" value="true" />
        <entry key="I:\work\_sync\_playground\playground1" value="true" />
        <entry key="I:\work\_sync\_tutorials\_dmdev\javaL2" value="true" />
        <entry key="I:\work\_sync\_tutorials\_dmdev\javaL2\lesson0715" value="true" />
        <entry key="V:\work\_sync\_playground\java\aliexpress-life" value="true" />
        <entry key="V:\work\_sync\_playground\java\jasperreports" value="true" />
        <entry key="V:\work\_sync\_playground\java\testground" value="true" />
        <entry key="V:\work\_sync\_playground\kotlin-playground" value="true" />
        <entry key="V:\work\_sync\_tutorials\_java\building-jasper-reports-spring\FirstApp" value="true" />
        <entry key="V:\work\_sync\_tutorials\_java\building-reports" value="true" />
        <entry key="V:\work\_sync\_tutorials\_spring\building-a-rest-api-with-spring-boot" value="true" />
        <entry key="V:\work\_sync\_tutorials\_spring\building-a-rest-api-with-spring-boot\building-a-rest-api-with-spring-boot" value="true" />
        <entry key="V:\work\_sync\_tutorials\_spring\realworld-springboot-java" value="true" />
        <entry key="V:\work\_sync\_tutorials\_spring\spring-alishev\02-09" value="true" />
        <entry key="V:\work\_sync\_tutorials\_spring\spring-alishev\02-10" value="true" />
        <entry key="V:\work\_sync\_tutorials\_spring\spring-alishev\02-11" value="true" />
        <entry key="V:\work\_sync\_tutorials\rabbitmq\tutorial-one\consumer" value="true" />
        <entry key="V:\work\_sync\_tutorials\rabbitmq\tutorial-one\producer" value="true" />
        <entry key="V:\work\_sync\_tutorials\rabbitmq\tutorial1" value="true" />
        <entry key="V:\work\_sync\_tutorials\rabbitmq\tutorial2" value="true" />
        <entry key="V:\work\_sync\_tutorials\rabbitmq\tutorial3" value="true" />
        <entry key="V:\work\_sync\_tutorials\rabbitmq\tutorial4" value="true" />
        <entry key="V:\work\_sync\_tutorials\rabbitmq\tutorial5" value="true" />
        <entry key="V:\work\_sync\_tutorials\rabbitmq\tutorial6" value="true" />
        <entry key="W:\ais\_oais\oais-commons" value="true" />
        <entry key="W:\ais\auto-transfer" value="true" />
        <entry key="W:\ais\erip" value="true" />
        <entry key="W:\ais\gai" value="true" />
        <entry key="W:\ais\libs\ais-gai-helpers" value="true" />
        <entry key="W:\ais\libs\ais-rabbitmq-helper" value="true" />
        <entry key="W:\ais\libs\ais-rabbitmq-helpers" value="true" />
        <entry key="W:\ais\libs\auto-closeable-helper" value="true" />
        <entry key="W:\ais\libs\checkstyle-config" value="true" />
        <entry key="W:\ais\libs\libs-multi-project" value="true" />
        <entry key="W:\ais\libs\oais-commons" value="true" />
        <entry key="W:\ais\libs\rabbit-helpers" value="true" />
        <entry key="W:\ais\libs\z-libs-multi-project" value="true" />
        <entry key="W:\ais\main\back" value="true" />
        <entry key="W:\ais\oais" value="true" />
        <entry key="W:\ais\oais-ap" value="true" />
        <entry key="W:\ais\utils" value="true" />
        <entry key="W:\equipment-accounting\back" value="true" />
        <entry key="W:\java\bto-library" value="true" />
        <entry key="W:\java\bto-library-common" value="true" />
        <entry key="i:\work\_sync\_playground\_javafx\fx-test\fx-test" value="true" />
        <entry key="v:\work\_sync\_tutorials\_spring\building-a-rest-api-with-spring-boot\building-a-rest-api-with-spring-boot" value="true" />
        <entry key="w:\ais\libs\libs-multi-project\libs-multi-project" value="true" />
      </map>
    </option>
  </component>
  <component name="Trusted.Paths.Settings">
    <option name="TRUSTED_PATHS">
      <list>
        <option value="D:\work\_tutorials\_spring\spring-alishev" />
        <option value="W:\ais\main" />
        <option value="W:\ais" />
        <option value="D:\work\java" />
        <option value="D:\work\_tutorials\_java" />
        <option value="D:\work\_sync\_playground\java" />
        <option value="D:\work\_sync\_tutorials\_spring\spring_keycloak" />
        <option value="D:\work\_sync\_tutorials\_oauth\spring-keycloak1" />
        <option value="W:\java" />
        <option value="D:\temp\gradle-deps" />
        <option value="W:\equipment-accounting" />
        <option value="V:\work\_sync\_tutorials\_java\building-jasper-reports-spring" />
        <option value="D:\work\spring-alishev" />
        <option value="V:\work\_sync\_tutorials\_spring\spring-alishev" />
        <option value="V:\work\_sync\_tutorials\rabbitmq\tutorial-one" />
        <option value="V:\work\_sync\_tutorials\rabbitmq" />
        <option value="/media/tim/ext1/work/_sync/_tutorials/_gradle/gradle-2021" />
        <option value="$USER_HOME$/work/gradle/gradle-2021" />
        <option value="$USER_HOME$/work/_java/junit5" />
        <option value="$USER_HOME$/work/_sync/_tutorials/_spring/spring-boot-ecommerce-professional-masterclass" />
        <option value="/mnt/d/work/_sync/_tutorials/_spring/spring-boot-ecommerce-professional-masterclass" />
        <option value="/mnt/d/work/_sync/_tutorials/_java" />
        <option value="$USER_HOME$/work/_java" />
        <option value="/mnt/d/work/_sync/_dmdev/javaL2" />
        <option value="I:\work\_sync\_tutorials\_dmdev\javaL2" />
      </list>
    </option>
  </component>
</application>