<application>
  <component name="DimensionService">
    <location key="find.popup.0.0.1920.1080" x="352" y="101" />
    <location key="find.popup.1920.0.1920.1080" x="2272" y="101" />
    <size key="GridCell.Tab.0.right.0.0.1920.1080" width="1297" height="311" />
    <size key="GridCell.Tab.0.left.0.0.1920.1080" width="1297" height="311" />
    <size key="GridCell.Tab.0.center.0.0.1920.1080" width="1297" height="311" />
    <size key="GridCell.Tab.0.bottom.0.0.1920.1080" width="1297" height="311" />
    <size key="GridCell.Tab.1.left.0.0.1920.1080" width="1297" height="311" />
    <size key="GridCell.Tab.1.center.0.0.1920.1080" width="1297" height="311" />
    <size key="GridCell.Tab.1.right.0.0.1920.1080" width="1297" height="311" />
    <size key="GridCell.Tab.1.bottom.0.0.1920.1080" width="1297" height="311" />
    <size key="find.popup.0.0.1920.1080" width="1345" height="869" />
    <size key="GridCell.Tab.2.left.0.0.1920.1080" width="1854" height="310" />
    <size key="GridCell.Tab.2.center.0.0.1920.1080" width="1854" height="310" />
    <size key="GridCell.Tab.2.right.0.0.1920.1080" width="1854" height="310" />
    <size key="GridCell.Tab.2.bottom.0.0.1920.1080" width="1854" height="310" />
    <size key="GridCell.Tab.3.left.0.0.1920.1080" width="1293" height="203" />
    <size key="GridCell.Tab.3.center.0.0.1920.1080" width="1293" height="203" />
    <size key="GridCell.Tab.3.right.0.0.1920.1080" width="1293" height="203" />
    <size key="GridCell.Tab.3.bottom.0.0.1920.1080" width="1293" height="203" />
    <size key="find.popup.1920.0.1920.1080" width="1345" height="869" />
    <size key="GridCell.Tab.0.left.1920.0.1920.1080" width="1297" height="311" />
    <size key="GridCell.Tab.0.center.1920.0.1920.1080" width="1297" height="311" />
    <size key="GridCell.Tab.0.right.1920.0.1920.1080" width="1297" height="311" />
    <size key="GridCell.Tab.0.bottom.1920.0.1920.1080" width="1297" height="311" />
    <size key="GridCell.Tab.1.left.1920.0.1920.1080" width="1297" height="311" />
    <size key="GridCell.Tab.1.center.1920.0.1920.1080" width="1297" height="311" />
    <size key="GridCell.Tab.1.right.1920.0.1920.1080" width="1297" height="311" />
    <size key="GridCell.Tab.1.bottom.1920.0.1920.1080" width="1297" height="311" />
    <size key="GridCell.Tab.2.left.1920.0.1920.1080" width="1854" height="311" />
    <size key="GridCell.Tab.2.center.1920.0.1920.1080" width="1854" height="311" />
    <size key="GridCell.Tab.2.right.1920.0.1920.1080" width="1854" height="311" />
    <size key="GridCell.Tab.2.bottom.1920.0.1920.1080" width="1854" height="311" />
    <size key="GridCell.Tab.0.left.0.0.1920.1080@120dpi" width="1838" height="389" />
    <size key="GridCell.Tab.0.center.0.0.1920.1080@120dpi" width="1838" height="389" />
    <size key="GridCell.Tab.0.right.0.0.1920.1080@120dpi" width="1838" height="389" />
    <size key="GridCell.Tab.0.bottom.0.0.1920.1080@120dpi" width="1838" height="389" />
    <size key="GridCell.Tab.1.left.0.0.1920.1080@120dpi" width="1838" height="389" />
    <size key="GridCell.Tab.1.center.0.0.1920.1080@120dpi" width="1838" height="389" />
    <size key="GridCell.Tab.1.right.0.0.1920.1080@120dpi" width="1838" height="389" />
    <size key="GridCell.Tab.1.bottom.0.0.1920.1080@120dpi" width="1838" height="389" />
    <size key="javadoc.popup.new.0.0.1920.1080" width="895" height="555" />
    <size key="GridCell.Tab.3.left.1920.0.1920.1080" width="1854" height="311" />
    <size key="GridCell.Tab.3.center.1920.0.1920.1080" width="1854" height="311" />
    <size key="GridCell.Tab.3.right.1920.0.1920.1080" width="1854" height="311" />
    <size key="GridCell.Tab.3.bottom.1920.0.1920.1080" width="1854" height="311" />
    <size key="GridCell.Tab.4.left.1920.0.1920.1080" width="1854" height="311" />
    <size key="GridCell.Tab.4.center.1920.0.1920.1080" width="1854" height="311" />
    <size key="GridCell.Tab.4.right.1920.0.1920.1080" width="1854" height="311" />
    <size key="GridCell.Tab.4.bottom.1920.0.1920.1080" width="1854" height="311" />
    <size key="GridCell.Tab.5.left.1920.0.1920.1080" width="1854" height="311" />
    <size key="GridCell.Tab.5.center.1920.0.1920.1080" width="1854" height="311" />
    <size key="GridCell.Tab.5.right.1920.0.1920.1080" width="1854" height="311" />
    <size key="GridCell.Tab.5.bottom.1920.0.1920.1080" width="1854" height="311" />
  </component>
  <component name="WindowManager">
    <frame x="0" y="0" width="1920" height="1040" extendedState="6" />
  </component>
  <component name="WindowStateApplicationService">
    <state x="2663" y="228" width="804" height="490" key="FileChooserDialogImpl" timestamp="1747563204028">
      <screen x="1920" y="0" width="1920" height="1080" />
    </state>
    <state x="2663" y="228" width="804" height="490" key="FileChooserDialogImpl/1920.0.1920.1080/0.0.1920.1080" timestamp="1747563204028" />
    <state width="949" height="142" key="ShowUsagesActions.dimensionServiceKey" timestamp="1751029154075">
      <screen x="0" y="0" width="1920" height="1040" />
    </state>
    <state width="949" height="142" key="ShowUsagesActions.dimensionServiceKey/0.0.1920.1040/1920.0.1920.1040" timestamp="1751029154075" />
    <state width="530" height="119" key="ShowUsagesActions.dimensionServiceKey/1920.0.1920.1080/0.0.1920.1080" timestamp="1747494295282" />
    <state x="960" y="455" width="800" height="650" key="WELCOME_SCREEN" timestamp="1750406962774">
      <screen x="0" y="0" width="1920" height="1040" />
    </state>
    <state x="960" y="455" width="800" height="650" key="WELCOME_SCREEN/0.0.1920.1040" timestamp="1749546190929" />
    <state x="960" y="455" width="800" height="650" key="WELCOME_SCREEN/0.0.1920.1040/1920.0.1920.1040" timestamp="1750406962774" />
    <state x="2880" y="472" width="800" height="675" key="WELCOME_SCREEN/1920.0.1920.1080/0.0.1920.1080" timestamp="1747563195999" />
  </component>
</application>